[{"model": "home.homepage", "pk": 3, "fields": {}}, {"model": "home.aboutpage", "pk": 6, "fields": {}}, {"model": "home.portfolio", "pk": 7, "fields": {}}, {"model": "home.foundry", "pk": 8, "fields": {}}, {"model": "home.contact", "pk": 16, "fields": {}}, {"model": "home.inicio", "pk": 9, "fields": {}}, {"model": "home.nosotros", "pk": 10, "fields": {}}, {"model": "home.portafolio", "pk": 12, "fields": {}}, {"model": "home.programs", "pk": 17, "fields": {}}, {"model": "home.novedades", "pk": 11, "fields": {}}, {"model": "home.fundidora", "pk": 14, "fields": {}}, {"model": "home.ukraine", "pk": 15, "fields": {}}, {"model": "wagtailusers.userprofile", "pk": 1, "fields": {"user": 1, "submitted_notifications": true, "approved_notifications": true, "rejected_notifications": true, "updated_comments_notifications": true, "preferred_language": "", "current_time_zone": "", "avatar": ""}}, {"model": "wagtailsearch.query", "pk": 1, "fields": {"query_string": "jjd"}}, {"model": "wagtailsearch.querydailyhits", "pk": 1, "fields": {"query": 1, "date": "2022-09-07", "hits": 1}}, {"model": "wagtailsearch.indexentry", "pk": 1, "fields": {"content_type": 44, "object_id": "4", "title_norm": 2.25, "autocomplete": "News", "title": "News", "body": ""}}, {"model": "wagtailsearch.indexentry", "pk": 4, "fields": {"content_type": 47, "object_id": "5", "title_norm": 0.6388888888888888, "autocomplete": "The New Open Build", "title": "The New Open Build", "body": "Open Build is continuing to support communities and STEAM education in developing countries, but through our partners we are beginning a new phase of training and hiring open source software developers.   With this new direction we believe we can help more small business and local organizations in the communities we work in, while also educating and growing the open source community.  Watch for more updates to come. "}}, {"model": "wagtailsearch.indexentry", "pk": 9, "fields": {"content_type": 51, "object_id": "6", "title_norm": 1.8, "autocomplete": "about", "title": "about", "body": ""}}, {"model": "wagtailsearch.indexentry", "pk": 10, "fields": {"content_type": 55, "object_id": "7", "title_norm": 0.9555555555555555, "autocomplete": "portfolio", "title": "portfolio", "body": ""}}, {"model": "wagtailsearch.indexentry", "pk": 11, "fields": {"content_type": 52, "object_id": "8", "title_norm": 1.2285714285714284, "autocomplete": "foundry", "title": "foundry", "body": ""}}, {"model": "wagtailsearch.indexentry", "pk": 12, "fields": {"content_type": 56, "object_id": "9", "title_norm": 1.3611166666666668, "autocomplete": "inicio", "title": "inicio", "body": ""}}, {"model": "wagtailsearch.indexentry", "pk": 13, "fields": {"content_type": 57, "object_id": "10", "title_norm": 1.0178625, "autocomplete": "nosotros", "title": "nosotros", "body": ""}}, {"model": "wagtailsearch.indexentry", "pk": 14, "fields": {"content_type": 58, "object_id": "11", "title_norm": 0.9166666666666666, "autocomplete": "novedades", "title": "novedades", "body": ""}}, {"model": "wagtailsearch.indexentry", "pk": 15, "fields": {"content_type": 59, "object_id": "12", "title_norm": 0.84444, "autocomplete": "portafolio", "title": "portafolio", "body": ""}}, {"model": "wagtailsearch.indexentry", "pk": 17, "fields": {"content_type": 2, "object_id": "3", "title_norm": 2.022725, "autocomplete": "Home", "title": "Home", "body": ""}}, {"model": "wagtailsearch.indexentry", "pk": 18, "fields": {"content_type": 60, "object_id": "14", "title_norm": 0.8989888888888888, "autocomplete": "Fundidora", "title": "Fundidora", "body": ""}}, {"model": "wagtailsearch.indexentry", "pk": 19, "fields": {"content_type": 61, "object_id": "15", "title_norm": 1.1428571428571428, "autocomplete": "ukraine", "title": "ukraine", "body": ""}}, {"model": "wagtailsearch.indexentry", "pk": 20, "fields": {"content_type": 54, "object_id": "16", "title_norm": 1.1318714285714286, "autocomplete": "contact", "title": "contact", "body": ""}}, {"model": "wagtailsearch.indexentry", "pk": 21, "fields": {"content_type": 62, "object_id": "17", "title_norm": 0.991075, "autocomplete": "programs", "title": "programs", "body": ""}}, {"model": "wagtailcore.site", "pk": 2, "fields": {"hostname": "localhost", "port": 80, "site_name": "", "root_page": 3, "is_default_site": true}}, {"model": "wagtailcore.modellogentry", "pk": 1, "fields": {"content_type": 41, "label": "marina", "action": "wagtail.create", "data_json": "\"\"", "timestamp": "2022-02-10T19:39:07.739Z", "uuid": "93fee8a2-a623-4002-90db-ea9fc92831c6", "user": 1, "content_changed": false, "deleted": false, "object_id": "2"}}, {"model": "wagtailcore.collection", "pk": 1, "fields": {"path": "0001", "depth": 1, "numchild": 0, "name": "Root"}}, {"model": "wagtailcore.groupcollectionpermission", "pk": 1, "fields": {"group": 2, "collection": 1, "permission": 1}}, {"model": "wagtailcore.groupcollectionpermission", "pk": 2, "fields": {"group": 1, "collection": 1, "permission": 1}}, {"model": "wagtailcore.groupcollectionpermission", "pk": 3, "fields": {"group": 2, "collection": 1, "permission": 2}}, {"model": "wagtailcore.groupcollectionpermission", "pk": 4, "fields": {"group": 1, "collection": 1, "permission": 2}}, {"model": "wagtailcore.groupcollectionpermission", "pk": 5, "fields": {"group": 2, "collection": 1, "permission": 5}}, {"model": "wagtailcore.groupcollectionpermission", "pk": 6, "fields": {"group": 1, "collection": 1, "permission": 5}}, {"model": "wagtailcore.groupcollectionpermission", "pk": 7, "fields": {"group": 2, "collection": 1, "permission": 6}}, {"model": "wagtailcore.groupcollectionpermission", "pk": 8, "fields": {"group": 1, "collection": 1, "permission": 6}}, {"model": "wagtailcore.groupcollectionpermission", "pk": 9, "fields": {"group": 2, "collection": 1, "permission": 8}}, {"model": "wagtailcore.groupcollectionpermission", "pk": 10, "fields": {"group": 1, "collection": 1, "permission": 8}}, {"model": "wagtailcore.groupcollectionpermission", "pk": 11, "fields": {"group": 2, "collection": 1, "permission": 9}}, {"model": "wagtailcore.groupcollectionpermission", "pk": 12, "fields": {"group": 1, "collection": 1, "permission": 9}}, {"model": "wagtailcore.locale", "pk": 1, "fields": {"language_code": "en"}}, {"model": "wagtailcore.page", "pk": 1, "fields": {"path": "0001", "depth": 1, "numchild": 1, "translation_key": "05d03c8f-cd3d-4c9e-81fa-8ddee56c90ee", "locale": 1, "title": "Root", "draft_title": "Root", "slug": "root", "content_type": 1, "live": true, "has_unpublished_changes": false, "url_path": "/", "owner": null, "seo_title": "", "show_in_menus": false, "search_description": "", "go_live_at": null, "expire_at": null, "expired": false, "locked": false, "locked_at": null, "locked_by": null, "first_published_at": null, "last_published_at": null, "latest_revision_created_at": null, "live_revision": null, "alias_of": null}}, {"model": "wagtailcore.page", "pk": 3, "fields": {"path": "00010001", "depth": 2, "numchild": 11, "translation_key": "3e80f7f4-df60-491e-8577-ca3e595dc2da", "locale": 1, "title": "Home", "draft_title": "Home", "slug": "home", "content_type": 2, "live": true, "has_unpublished_changes": false, "url_path": "/home/", "owner": null, "seo_title": "", "show_in_menus": false, "search_description": "", "go_live_at": null, "expire_at": null, "expired": false, "locked": false, "locked_at": null, "locked_by": null, "first_published_at": null, "last_published_at": null, "latest_revision_created_at": null, "live_revision": null, "alias_of": null}}, {"model": "wagtailcore.page", "pk": 4, "fields": {"path": "000100010001", "depth": 3, "numchild": 1, "translation_key": "34f7b8df-aa32-4721-9dd0-80bd92a3d5cb", "locale": 1, "title": "News", "draft_title": "News", "slug": "news", "content_type": 44, "live": true, "has_unpublished_changes": false, "url_path": "/home/news/", "owner": 1, "seo_title": "", "show_in_menus": false, "search_description": "", "go_live_at": null, "expire_at": null, "expired": false, "locked": false, "locked_at": null, "locked_by": null, "first_published_at": "2022-01-26T21:38:06.617Z", "last_published_at": "2022-02-07T20:10:39.053Z", "latest_revision_created_at": "2022-02-07T20:10:38.962Z", "live_revision": 5, "alias_of": null}}, {"model": "wagtailcore.page", "pk": 5, "fields": {"path": "0001000100010001", "depth": 4, "numchild": 0, "translation_key": "74c42b19-0171-48d9-90d5-ed7bb134ae14", "locale": 1, "title": "The New Open Build", "draft_title": "The New Open Build", "slug": "the-new-open-build", "content_type": 47, "live": true, "has_unpublished_changes": false, "url_path": "/home/news/the-new-open-build/", "owner": 1, "seo_title": "", "show_in_menus": false, "search_description": "", "go_live_at": null, "expire_at": null, "expired": false, "locked": false, "locked_at": null, "locked_by": null, "first_published_at": "2022-01-29T00:49:25.467Z", "last_published_at": "2022-02-17T21:48:35.003Z", "latest_revision_created_at": "2022-02-17T21:48:34.819Z", "live_revision": 9, "alias_of": null}}, {"model": "wagtailcore.page", "pk": 6, "fields": {"path": "000100010002", "depth": 3, "numchild": 1, "translation_key": "dd3bc346-63e8-445f-b35b-e59f5d67d707", "locale": 1, "title": "about", "draft_title": "about", "slug": "about", "content_type": 51, "live": true, "has_unpublished_changes": false, "url_path": "/home/about/", "owner": 1, "seo_title": "", "show_in_menus": false, "search_description": "", "go_live_at": null, "expire_at": null, "expired": false, "locked": false, "locked_at": null, "locked_by": null, "first_published_at": "2022-04-01T16:54:32.394Z", "last_published_at": "2022-04-01T16:54:32.394Z", "latest_revision_created_at": "2022-04-01T16:54:32.321Z", "live_revision": 10, "alias_of": null}}, {"model": "wagtailcore.page", "pk": 7, "fields": {"path": "000100010003", "depth": 3, "numchild": 0, "translation_key": "933d451a-9dab-4f71-877b-0fe5c5df60f9", "locale": 1, "title": "portfolio", "draft_title": "portfolio", "slug": "portfolio", "content_type": 55, "live": true, "has_unpublished_changes": false, "url_path": "/home/portfolio/", "owner": 1, "seo_title": "", "show_in_menus": false, "search_description": "", "go_live_at": null, "expire_at": null, "expired": false, "locked": false, "locked_at": null, "locked_by": null, "first_published_at": "2022-06-06T22:33:16.650Z", "last_published_at": "2022-06-06T22:33:16.650Z", "latest_revision_created_at": "2022-06-06T22:33:16.597Z", "live_revision": 11, "alias_of": null}}, {"model": "wagtailcore.page", "pk": 8, "fields": {"path": "000100010004", "depth": 3, "numchild": 0, "translation_key": "c5f600f3-eeb2-4387-9210-78f0662f9830", "locale": 1, "title": "foundry", "draft_title": "foundry", "slug": "foundry", "content_type": 52, "live": true, "has_unpublished_changes": false, "url_path": "/home/foundry/", "owner": 1, "seo_title": "", "show_in_menus": false, "search_description": "", "go_live_at": null, "expire_at": null, "expired": false, "locked": false, "locked_at": null, "locked_by": null, "first_published_at": "2022-06-06T22:33:44.229Z", "last_published_at": "2022-06-06T22:33:44.229Z", "latest_revision_created_at": "2022-06-06T22:33:44.163Z", "live_revision": 12, "alias_of": null}}, {"model": "wagtailcore.page", "pk": 9, "fields": {"path": "000100010005", "depth": 3, "numchild": 0, "translation_key": "29b5c164-909d-4977-9f9c-e2faf25d0ad3", "locale": 1, "title": "inicio", "draft_title": "inicio", "slug": "inicio", "content_type": 56, "live": true, "has_unpublished_changes": false, "url_path": "/home/inicio/", "owner": 1, "seo_title": "", "show_in_menus": false, "search_description": "", "go_live_at": null, "expire_at": null, "expired": false, "locked": false, "locked_at": null, "locked_by": null, "first_published_at": "2022-06-06T22:34:09.043Z", "last_published_at": "2022-06-06T22:34:09.043Z", "latest_revision_created_at": "2022-06-06T22:34:08.985Z", "live_revision": 13, "alias_of": null}}, {"model": "wagtailcore.page", "pk": 10, "fields": {"path": "000100010006", "depth": 3, "numchild": 0, "translation_key": "bcd1028b-32eb-4cdb-8ecd-a5f62df8c5c9", "locale": 1, "title": "nosotros", "draft_title": "nosotros", "slug": "nosotros", "content_type": 57, "live": true, "has_unpublished_changes": false, "url_path": "/home/nosotros/", "owner": 1, "seo_title": "", "show_in_menus": false, "search_description": "", "go_live_at": null, "expire_at": null, "expired": false, "locked": false, "locked_at": null, "locked_by": null, "first_published_at": "2022-06-06T22:45:31.068Z", "last_published_at": "2022-06-06T22:45:31.068Z", "latest_revision_created_at": "2022-06-06T22:45:31.020Z", "live_revision": 14, "alias_of": null}}, {"model": "wagtailcore.page", "pk": 11, "fields": {"path": "000100010007", "depth": 3, "numchild": 0, "translation_key": "c97a86aa-22c6-45ea-97d5-d00d923bcbe4", "locale": 1, "title": "novedades", "draft_title": "novedades", "slug": "novedades", "content_type": 58, "live": true, "has_unpublished_changes": false, "url_path": "/home/novedades/", "owner": 1, "seo_title": "", "show_in_menus": false, "search_description": "", "go_live_at": null, "expire_at": null, "expired": false, "locked": false, "locked_at": null, "locked_by": null, "first_published_at": "2022-06-06T22:45:56.972Z", "last_published_at": "2022-06-06T22:45:56.972Z", "latest_revision_created_at": "2022-06-06T22:45:56.916Z", "live_revision": 15, "alias_of": null}}, {"model": "wagtailcore.page", "pk": 12, "fields": {"path": "000100010008", "depth": 3, "numchild": 0, "translation_key": "c34f427f-959c-4865-afcf-03ebf8443c2e", "locale": 1, "title": "portafolio", "draft_title": "portafolio", "slug": "portafolio", "content_type": 59, "live": true, "has_unpublished_changes": false, "url_path": "/home/portafolio/", "owner": 1, "seo_title": "", "show_in_menus": false, "search_description": "", "go_live_at": null, "expire_at": null, "expired": false, "locked": false, "locked_at": null, "locked_by": null, "first_published_at": "2022-06-06T22:46:15.418Z", "last_published_at": "2022-06-06T22:46:15.418Z", "latest_revision_created_at": "2022-06-06T22:46:15.366Z", "live_revision": 16, "alias_of": null}}, {"model": "wagtailcore.page", "pk": 14, "fields": {"path": "000100010009", "depth": 3, "numchild": 0, "translation_key": "ac83e34d-eab6-49f0-8915-58bc3f4542f2", "locale": 1, "title": "Fundidora", "draft_title": "Fundidora", "slug": "fundidora", "content_type": 60, "live": true, "has_unpublished_changes": false, "url_path": "/home/fundidora/", "owner": 1, "seo_title": "", "show_in_menus": false, "search_description": "", "go_live_at": null, "expire_at": null, "expired": false, "locked": false, "locked_at": null, "locked_by": null, "first_published_at": "2022-06-16T16:49:25.653Z", "last_published_at": "2022-06-16T16:49:25.653Z", "latest_revision_created_at": "2022-06-16T16:49:25.607Z", "live_revision": 18, "alias_of": null}}, {"model": "wagtailcore.page", "pk": 15, "fields": {"path": "00010001000A", "depth": 3, "numchild": 0, "translation_key": "467372e6-2336-4cf6-a689-c24b1b02a4c3", "locale": 1, "title": "ukraine", "draft_title": "ukraine", "slug": "ukraine", "content_type": 61, "live": true, "has_unpublished_changes": false, "url_path": "/home/ukraine/", "owner": 1, "seo_title": "", "show_in_menus": false, "search_description": "", "go_live_at": null, "expire_at": null, "expired": false, "locked": false, "locked_at": null, "locked_by": null, "first_published_at": "2022-09-12T19:21:04.648Z", "last_published_at": "2022-09-12T19:21:04.648Z", "latest_revision_created_at": "2022-09-12T19:21:04.573Z", "live_revision": 20, "alias_of": null}}, {"model": "wagtailcore.page", "pk": 16, "fields": {"path": "0001000100020001", "depth": 4, "numchild": 0, "translation_key": "91136d75-8e11-4ace-ba7d-1e0f339507ea", "locale": 1, "title": "contact", "draft_title": "contact", "slug": "contact", "content_type": 54, "live": true, "has_unpublished_changes": false, "url_path": "/home/about/contact/", "owner": 1, "seo_title": "", "show_in_menus": false, "search_description": "", "go_live_at": null, "expire_at": null, "expired": false, "locked": false, "locked_at": null, "locked_by": null, "first_published_at": "2022-09-20T17:48:44.728Z", "last_published_at": "2022-09-20T17:48:44.728Z", "latest_revision_created_at": "2022-09-20T17:48:44.644Z", "live_revision": 21, "alias_of": null}}, {"model": "wagtailcore.page", "pk": 17, "fields": {"path": "00010001000B", "depth": 3, "numchild": 0, "translation_key": "ebae995d-9ad0-4d1e-b0a6-c7c67c83b5aa", "locale": 1, "title": "programs", "draft_title": "programs", "slug": "programs", "content_type": 62, "live": true, "has_unpublished_changes": false, "url_path": "/home/programs/", "owner": 1, "seo_title": "", "show_in_menus": false, "search_description": "", "go_live_at": null, "expire_at": null, "expired": false, "locked": false, "locked_at": null, "locked_by": null, "first_published_at": "2022-12-22T16:09:36.620Z", "last_published_at": "2022-12-22T16:09:36.620Z", "latest_revision_created_at": "2022-12-22T16:09:36.539Z", "live_revision": 22, "alias_of": null}}, {"model": "wagtailcore.pagerevision", "pk": 1, "fields": {"page": 4, "submitted_for_moderation": false, "created_at": "2022-01-26T21:38:04.878Z", "user": 1, "content_json": "{\"pk\": 4, \"path\": \"000100010001\", \"depth\": 3, \"numchild\": 0, \"translation_key\": \"34f7b8df-aa32-4721-9dd0-80bd92a3d5cb\", \"locale\": 1, \"title\": \"News\", \"draft_title\": \"News\", \"slug\": \"news\", \"content_type\": 44, \"live\": true, \"has_unpublished_changes\": false, \"url_path\": \"/home/news/\", \"owner\": 1, \"seo_title\": \"\", \"show_in_menus\": false, \"search_description\": \"\", \"go_live_at\": null, \"expire_at\": null, \"expired\": false, \"locked\": false, \"locked_at\": null, \"locked_by\": null, \"first_published_at\": null, \"last_published_at\": null, \"latest_revision_created_at\": null, \"live_revision\": null, \"alias_of\": null, \"description\": \"\", \"header_image\": null, \"main_color\": \"#4d6ae0\", \"display_comments\": false, \"display_categories\": true, \"display_tags\": true, \"display_popular_entries\": true, \"display_last_entries\": true, \"display_archive\": true, \"disqus_api_secret\": \"\", \"disqus_shortname\": \"\", \"num_entries_page\": 5, \"num_last_entries\": 3, \"num_popular_entries\": 3, \"num_tags_entry_header\": 5, \"short_feed_description\": true, \"wagtail_admin_comments\": []}", "approved_go_live_at": null}}, {"model": "wagtailcore.pagerevision", "pk": 2, "fields": {"page": 5, "submitted_for_moderation": false, "created_at": "2022-01-29T00:49:25.316Z", "user": 1, "content_json": "{\"pk\": 5, \"path\": \"0001000100010001\", \"depth\": 4, \"numchild\": 0, \"translation_key\": \"74c42b19-0171-48d9-90d5-ed7bb134ae14\", \"locale\": 1, \"title\": \"The New Open Build\", \"draft_title\": \"The New Open Build\", \"slug\": \"the-new-open-build\", \"content_type\": 47, \"live\": true, \"has_unpublished_changes\": false, \"url_path\": \"/home/news/the-new-open-build/\", \"owner\": 1, \"seo_title\": \"\", \"show_in_menus\": false, \"search_description\": \"\", \"go_live_at\": null, \"expire_at\": null, \"expired\": false, \"locked\": false, \"locked_at\": null, \"locked_by\": null, \"first_published_at\": null, \"last_published_at\": null, \"latest_revision_created_at\": null, \"live_revision\": null, \"alias_of\": null, \"body\": \"<p data-block-key=\\\"3ldb3\\\">Open Build is continuing to support communities and STEAM education in developing countries, but through out partners we are begging a new phase of training and hiring open source software developers.  <br/><br/>With this new direction we believe we can help more small business and local organizations in the communities we work in, while also educating and growing the open source community.<br/><br/>Watch for more updates to come.</p>\", \"date\": \"2022-01-29T00:45:00Z\", \"header_image\": 2, \"excerpt\": \"\", \"num_comments\": 0, \"wagtail_admin_comments\": [], \"entry_categories\": [], \"entry_tags\": [{\"pk\": 1, \"tag\": 4, \"content_object\": 5}, {\"pk\": 2, \"tag\": 5, \"content_object\": 5}, {\"pk\": 3, \"tag\": 6, \"content_object\": 5}, {\"pk\": 4, \"tag\": 7, \"content_object\": 5}], \"related_entrypage_from\": [], \"related_entrypage_to\": []}", "approved_go_live_at": null}}, {"model": "wagtailcore.pagerevision", "pk": 3, "fields": {"page": 5, "submitted_for_moderation": false, "created_at": "2022-01-29T15:42:45.160Z", "user": 1, "content_json": "{\"pk\": 5, \"path\": \"0001000100010001\", \"depth\": 4, \"numchild\": 0, \"translation_key\": \"74c42b19-0171-48d9-90d5-ed7bb134ae14\", \"locale\": 1, \"title\": \"The New Open Build\", \"draft_title\": \"The New Open Build\", \"slug\": \"the-new-open-build\", \"content_type\": 47, \"live\": true, \"has_unpublished_changes\": false, \"url_path\": \"/home/news/the-new-open-build/\", \"owner\": 1, \"seo_title\": \"\", \"show_in_menus\": false, \"search_description\": \"\", \"go_live_at\": null, \"expire_at\": null, \"expired\": false, \"locked\": false, \"locked_at\": null, \"locked_by\": null, \"first_published_at\": \"2022-01-29T00:49:25.467Z\", \"last_published_at\": \"2022-01-29T00:49:25.467Z\", \"latest_revision_created_at\": \"2022-01-29T00:49:25.316Z\", \"live_revision\": 2, \"alias_of\": null, \"body\": \"<p data-block-key=\\\"3ldb3\\\">Open Build is continuing to support communities and STEAM education in developing countries, but through out partners we are begging a new phase of training and hiring open source software developers.<br/><br/> With this new direction we believe we can help more small business and local organizations in the communities we work in, while also educating and growing the open source community.<br/><br/>Watch for more updates to come.</p>\", \"date\": \"2022-01-29T00:45:00Z\", \"header_image\": 3, \"excerpt\": \"\", \"num_comments\": 0, \"wagtail_admin_comments\": [], \"entry_categories\": [], \"entry_tags\": [{\"pk\": null, \"tag\": 4, \"content_object\": 5}, {\"pk\": null, \"tag\": 5, \"content_object\": 5}, {\"pk\": null, \"tag\": 6, \"content_object\": 5}, {\"pk\": null, \"tag\": 7, \"content_object\": 5}], \"related_entrypage_from\": [], \"related_entrypage_to\": []}", "approved_go_live_at": null}}, {"model": "wagtailcore.pagerevision", "pk": 4, "fields": {"page": 5, "submitted_for_moderation": false, "created_at": "2022-01-29T15:44:26.151Z", "user": 1, "content_json": "{\"pk\": 5, \"path\": \"0001000100010001\", \"depth\": 4, \"numchild\": 0, \"translation_key\": \"74c42b19-0171-48d9-90d5-ed7bb134ae14\", \"locale\": 1, \"title\": \"The New Open Build\", \"draft_title\": \"The New Open Build\", \"slug\": \"the-new-open-build\", \"content_type\": 47, \"live\": true, \"has_unpublished_changes\": false, \"url_path\": \"/home/news/the-new-open-build/\", \"owner\": 1, \"seo_title\": \"\", \"show_in_menus\": false, \"search_description\": \"\", \"go_live_at\": null, \"expire_at\": null, \"expired\": false, \"locked\": false, \"locked_at\": null, \"locked_by\": null, \"first_published_at\": \"2022-01-29T00:49:25.467Z\", \"last_published_at\": \"2022-01-29T15:42:45.260Z\", \"latest_revision_created_at\": \"2022-01-29T15:42:45.160Z\", \"live_revision\": 3, \"alias_of\": null, \"body\": \"<p data-block-key=\\\"3ldb3\\\">Open Build is continuing to support communities and STEAM education in developing countries, but through out partners we are begging a new phase of training and hiring open source software developers.<br/><br/> With this new direction we believe we can help more small business and local organizations in the communities we work in, while also educating and growing the open source community.<br/><br/>Watch for more updates to come.</p>\", \"date\": \"2022-01-29T00:45:00Z\", \"header_image\": 4, \"excerpt\": \"\", \"num_comments\": 0, \"wagtail_admin_comments\": [], \"entry_categories\": [], \"entry_tags\": [{\"pk\": null, \"tag\": 4, \"content_object\": 5}, {\"pk\": null, \"tag\": 5, \"content_object\": 5}, {\"pk\": null, \"tag\": 6, \"content_object\": 5}, {\"pk\": null, \"tag\": 7, \"content_object\": 5}], \"related_entrypage_from\": [], \"related_entrypage_to\": []}", "approved_go_live_at": null}}, {"model": "wagtailcore.pagerevision", "pk": 5, "fields": {"page": 4, "submitted_for_moderation": false, "created_at": "2022-02-07T20:10:38.962Z", "user": 1, "content_json": "{\"pk\": 4, \"path\": \"000100010001\", \"depth\": 3, \"numchild\": 1, \"translation_key\": \"34f7b8df-aa32-4721-9dd0-80bd92a3d5cb\", \"locale\": 1, \"title\": \"News\", \"draft_title\": \"News\", \"slug\": \"news\", \"content_type\": 44, \"live\": true, \"has_unpublished_changes\": false, \"url_path\": \"/home/news/\", \"owner\": 1, \"seo_title\": \"\", \"show_in_menus\": false, \"search_description\": \"\", \"go_live_at\": null, \"expire_at\": null, \"expired\": false, \"locked\": false, \"locked_at\": null, \"locked_by\": null, \"first_published_at\": \"2022-01-26T21:38:06.617Z\", \"last_published_at\": \"2022-01-26T21:38:06.617Z\", \"latest_revision_created_at\": \"2022-01-26T21:38:04.878Z\", \"live_revision\": 1, \"alias_of\": null, \"description\": \"\", \"header_image\": 5, \"main_color\": \"#4d6ae0\", \"display_comments\": false, \"display_categories\": true, \"display_tags\": true, \"display_popular_entries\": true, \"display_last_entries\": true, \"display_archive\": true, \"disqus_api_secret\": \"\", \"disqus_shortname\": \"\", \"num_entries_page\": 5, \"num_last_entries\": 3, \"num_popular_entries\": 3, \"num_tags_entry_header\": 5, \"short_feed_description\": true, \"wagtail_admin_comments\": []}", "approved_go_live_at": null}}, {"model": "wagtailcore.pagerevision", "pk": 6, "fields": {"page": 5, "submitted_for_moderation": false, "created_at": "2022-02-07T20:11:25.085Z", "user": 1, "content_json": "{\"pk\": 5, \"path\": \"0001000100010001\", \"depth\": 4, \"numchild\": 0, \"translation_key\": \"74c42b19-0171-48d9-90d5-ed7bb134ae14\", \"locale\": 1, \"title\": \"The New Open Build\", \"draft_title\": \"The New Open Build\", \"slug\": \"the-new-open-build\", \"content_type\": 47, \"live\": true, \"has_unpublished_changes\": false, \"url_path\": \"/home/news/the-new-open-build/\", \"owner\": 1, \"seo_title\": \"\", \"show_in_menus\": false, \"search_description\": \"\", \"go_live_at\": null, \"expire_at\": null, \"expired\": false, \"locked\": false, \"locked_at\": null, \"locked_by\": null, \"first_published_at\": \"2022-01-29T00:49:25.467Z\", \"last_published_at\": \"2022-01-29T15:44:26.238Z\", \"latest_revision_created_at\": \"2022-01-29T15:44:26.151Z\", \"live_revision\": 4, \"alias_of\": null, \"body\": \"<p data-block-key=\\\"3ldb3\\\">Open Build is continuing to support communities and STEAM education in developing countries, but through out partners we are begging a new phase of training and hiring open source software developers.<br/><br/> With this new direction we believe we can help more small business and local organizations in the communities we work in, while also educating and growing the open source community.<br/><br/>Watch for more updates to come.</p>\", \"date\": \"2022-01-29T00:45:00Z\", \"header_image\": 5, \"excerpt\": \"\", \"num_comments\": 0, \"wagtail_admin_comments\": [], \"entry_categories\": [], \"entry_tags\": [{\"pk\": null, \"tag\": 4, \"content_object\": 5}, {\"pk\": null, \"tag\": 5, \"content_object\": 5}, {\"pk\": null, \"tag\": 6, \"content_object\": 5}, {\"pk\": null, \"tag\": 7, \"content_object\": 5}], \"related_entrypage_from\": [], \"related_entrypage_to\": []}", "approved_go_live_at": null}}, {"model": "wagtailcore.pagerevision", "pk": 7, "fields": {"page": 5, "submitted_for_moderation": false, "created_at": "2022-02-07T20:21:57.058Z", "user": 1, "content_json": "{\"pk\": 5, \"path\": \"0001000100010001\", \"depth\": 4, \"numchild\": 0, \"translation_key\": \"74c42b19-0171-48d9-90d5-ed7bb134ae14\", \"locale\": 1, \"title\": \"The New Open Build\", \"draft_title\": \"The New Open Build\", \"slug\": \"the-new-open-build\", \"content_type\": 47, \"live\": true, \"has_unpublished_changes\": false, \"url_path\": \"/home/news/the-new-open-build/\", \"owner\": 1, \"seo_title\": \"\", \"show_in_menus\": false, \"search_description\": \"\", \"go_live_at\": null, \"expire_at\": null, \"expired\": false, \"locked\": false, \"locked_at\": null, \"locked_by\": null, \"first_published_at\": \"2022-01-29T00:49:25.467Z\", \"last_published_at\": \"2022-02-07T20:11:25.174Z\", \"latest_revision_created_at\": \"2022-02-07T20:11:25.085Z\", \"live_revision\": 6, \"alias_of\": null, \"body\": \"<p data-block-key=\\\"3ldb3\\\">Open Build is continuing to support communities and STEAM education in developing countries, but through out partners we are begging a new phase of training and hiring open source software developers.<br/><br/> With this new direction we believe we can help more small business and local organizations in the communities we work in, while also educating and growing the open source community.<br/><br/>Watch for more updates to come.</p>\", \"date\": \"2022-01-29T00:45:00Z\", \"header_image\": null, \"excerpt\": \"\", \"num_comments\": 0, \"wagtail_admin_comments\": [], \"entry_categories\": [], \"entry_tags\": [{\"pk\": null, \"tag\": 4, \"content_object\": 5}, {\"pk\": null, \"tag\": 5, \"content_object\": 5}, {\"pk\": null, \"tag\": 6, \"content_object\": 5}, {\"pk\": null, \"tag\": 7, \"content_object\": 5}], \"related_entrypage_from\": [], \"related_entrypage_to\": []}", "approved_go_live_at": null}}, {"model": "wagtailcore.pagerevision", "pk": 8, "fields": {"page": 5, "submitted_for_moderation": false, "created_at": "2022-02-07T20:22:01.998Z", "user": 1, "content_json": "{\"pk\": 5, \"path\": \"0001000100010001\", \"depth\": 4, \"numchild\": 0, \"translation_key\": \"74c42b19-0171-48d9-90d5-ed7bb134ae14\", \"locale\": 1, \"title\": \"The New Open Build\", \"draft_title\": \"The New Open Build\", \"slug\": \"the-new-open-build\", \"content_type\": 47, \"live\": true, \"has_unpublished_changes\": true, \"url_path\": \"/home/news/the-new-open-build/\", \"owner\": 1, \"seo_title\": \"\", \"show_in_menus\": false, \"search_description\": \"\", \"go_live_at\": null, \"expire_at\": null, \"expired\": false, \"locked\": false, \"locked_at\": null, \"locked_by\": null, \"first_published_at\": \"2022-01-29T00:49:25.467Z\", \"last_published_at\": \"2022-02-07T20:11:25.174Z\", \"latest_revision_created_at\": \"2022-02-07T20:21:57.058Z\", \"live_revision\": 6, \"alias_of\": null, \"body\": \"<p data-block-key=\\\"3ldb3\\\">Open Build is continuing to support communities and STEAM education in developing countries, but through out partners we are begging a new phase of training and hiring open source software developers.<br/><br/> With this new direction we believe we can help more small business and local organizations in the communities we work in, while also educating and growing the open source community.<br/><br/>Watch for more updates to come.</p>\", \"date\": \"2022-01-29T00:45:00Z\", \"header_image\": null, \"excerpt\": \"\", \"num_comments\": 0, \"wagtail_admin_comments\": [], \"entry_categories\": [], \"entry_tags\": [{\"pk\": null, \"tag\": 4, \"content_object\": 5}, {\"pk\": null, \"tag\": 5, \"content_object\": 5}, {\"pk\": null, \"tag\": 6, \"content_object\": 5}, {\"pk\": null, \"tag\": 7, \"content_object\": 5}], \"related_entrypage_from\": [], \"related_entrypage_to\": []}", "approved_go_live_at": null}}, {"model": "wagtailcore.pagerevision", "pk": 9, "fields": {"page": 5, "submitted_for_moderation": false, "created_at": "2022-02-17T21:48:34.819Z", "user": 1, "content_json": "{\"pk\": 5, \"path\": \"0001000100010001\", \"depth\": 4, \"numchild\": 0, \"translation_key\": \"74c42b19-0171-48d9-90d5-ed7bb134ae14\", \"locale\": 1, \"title\": \"The New Open Build\", \"draft_title\": \"The New Open Build\", \"slug\": \"the-new-open-build\", \"content_type\": 47, \"live\": true, \"has_unpublished_changes\": false, \"url_path\": \"/home/news/the-new-open-build/\", \"owner\": 1, \"seo_title\": \"\", \"show_in_menus\": false, \"search_description\": \"\", \"go_live_at\": null, \"expire_at\": null, \"expired\": false, \"locked\": false, \"locked_at\": null, \"locked_by\": null, \"first_published_at\": \"2022-01-29T00:49:25.467Z\", \"last_published_at\": \"2022-02-07T20:22:02.093Z\", \"latest_revision_created_at\": \"2022-02-07T20:22:01.998Z\", \"live_revision\": 8, \"alias_of\": null, \"body\": \"<p data-block-key=\\\"3ldb3\\\">Open Build is continuing to support communities and STEAM education in developing countries, but through our partners we are beginning a new phase of training and hiring open source software developers.<br/><br/> With this new direction we believe we can help more small business and local organizations in the communities we work in, while also educating and growing the open source community.<br/><br/>Watch for more updates to come.</p>\", \"date\": \"2022-01-29T00:45:00Z\", \"header_image\": 6, \"excerpt\": \"\", \"num_comments\": 0, \"wagtail_admin_comments\": [], \"entry_categories\": [], \"entry_tags\": [{\"pk\": null, \"tag\": 4, \"content_object\": 5}, {\"pk\": null, \"tag\": 5, \"content_object\": 5}, {\"pk\": null, \"tag\": 6, \"content_object\": 5}, {\"pk\": null, \"tag\": 7, \"content_object\": 5}], \"related_entrypage_from\": [], \"related_entrypage_to\": []}", "approved_go_live_at": null}}, {"model": "wagtailcore.pagerevision", "pk": 10, "fields": {"page": 6, "submitted_for_moderation": false, "created_at": "2022-04-01T16:54:32.321Z", "user": 1, "content_json": "{\"pk\": 6, \"path\": \"000100010002\", \"depth\": 3, \"numchild\": 0, \"translation_key\": \"dd3bc346-63e8-445f-b35b-e59f5d67d707\", \"locale\": 1, \"title\": \"about\", \"draft_title\": \"about\", \"slug\": \"about\", \"content_type\": 51, \"live\": true, \"has_unpublished_changes\": false, \"url_path\": \"/home/about/\", \"owner\": 1, \"seo_title\": \"\", \"show_in_menus\": false, \"search_description\": \"\", \"go_live_at\": null, \"expire_at\": null, \"expired\": false, \"locked\": false, \"locked_at\": null, \"locked_by\": null, \"first_published_at\": null, \"last_published_at\": null, \"latest_revision_created_at\": null, \"live_revision\": null, \"alias_of\": null, \"wagtail_admin_comments\": []}", "approved_go_live_at": null}}, {"model": "wagtailcore.pagerevision", "pk": 11, "fields": {"page": 7, "submitted_for_moderation": false, "created_at": "2022-06-06T22:33:16.597Z", "user": 1, "content_json": "{\"pk\": 7, \"path\": \"000100010003\", \"depth\": 3, \"numchild\": 0, \"translation_key\": \"933d451a-9dab-4f71-877b-0fe5c5df60f9\", \"locale\": 1, \"title\": \"portfolio\", \"draft_title\": \"portfolio\", \"slug\": \"portfolio\", \"content_type\": 55, \"live\": true, \"has_unpublished_changes\": false, \"url_path\": \"/home/portfolio/\", \"owner\": 1, \"seo_title\": \"\", \"show_in_menus\": false, \"search_description\": \"\", \"go_live_at\": null, \"expire_at\": null, \"expired\": false, \"locked\": false, \"locked_at\": null, \"locked_by\": null, \"first_published_at\": null, \"last_published_at\": null, \"latest_revision_created_at\": null, \"live_revision\": null, \"alias_of\": null, \"wagtail_admin_comments\": []}", "approved_go_live_at": null}}, {"model": "wagtailcore.pagerevision", "pk": 12, "fields": {"page": 8, "submitted_for_moderation": false, "created_at": "2022-06-06T22:33:44.163Z", "user": 1, "content_json": "{\"pk\": 8, \"path\": \"000100010004\", \"depth\": 3, \"numchild\": 0, \"translation_key\": \"c5f600f3-eeb2-4387-9210-78f0662f9830\", \"locale\": 1, \"title\": \"foundry\", \"draft_title\": \"foundry\", \"slug\": \"foundry\", \"content_type\": 52, \"live\": true, \"has_unpublished_changes\": false, \"url_path\": \"/home/foundry/\", \"owner\": 1, \"seo_title\": \"\", \"show_in_menus\": false, \"search_description\": \"\", \"go_live_at\": null, \"expire_at\": null, \"expired\": false, \"locked\": false, \"locked_at\": null, \"locked_by\": null, \"first_published_at\": null, \"last_published_at\": null, \"latest_revision_created_at\": null, \"live_revision\": null, \"alias_of\": null, \"wagtail_admin_comments\": []}", "approved_go_live_at": null}}, {"model": "wagtailcore.pagerevision", "pk": 13, "fields": {"page": 9, "submitted_for_moderation": false, "created_at": "2022-06-06T22:34:08.985Z", "user": 1, "content_json": "{\"pk\": 9, \"path\": \"000100010005\", \"depth\": 3, \"numchild\": 0, \"translation_key\": \"29b5c164-909d-4977-9f9c-e2faf25d0ad3\", \"locale\": 1, \"title\": \"inicio\", \"draft_title\": \"inicio\", \"slug\": \"inicio\", \"content_type\": 56, \"live\": true, \"has_unpublished_changes\": false, \"url_path\": \"/home/inicio/\", \"owner\": 1, \"seo_title\": \"\", \"show_in_menus\": false, \"search_description\": \"\", \"go_live_at\": null, \"expire_at\": null, \"expired\": false, \"locked\": false, \"locked_at\": null, \"locked_by\": null, \"first_published_at\": null, \"last_published_at\": null, \"latest_revision_created_at\": null, \"live_revision\": null, \"alias_of\": null, \"wagtail_admin_comments\": []}", "approved_go_live_at": null}}, {"model": "wagtailcore.pagerevision", "pk": 14, "fields": {"page": 10, "submitted_for_moderation": false, "created_at": "2022-06-06T22:45:31.020Z", "user": 1, "content_json": "{\"pk\": 10, \"path\": \"000100010006\", \"depth\": 3, \"numchild\": 0, \"translation_key\": \"bcd1028b-32eb-4cdb-8ecd-a5f62df8c5c9\", \"locale\": 1, \"title\": \"nosotros\", \"draft_title\": \"nosotros\", \"slug\": \"nosotros\", \"content_type\": 57, \"live\": true, \"has_unpublished_changes\": false, \"url_path\": \"/home/nosotros/\", \"owner\": 1, \"seo_title\": \"\", \"show_in_menus\": false, \"search_description\": \"\", \"go_live_at\": null, \"expire_at\": null, \"expired\": false, \"locked\": false, \"locked_at\": null, \"locked_by\": null, \"first_published_at\": null, \"last_published_at\": null, \"latest_revision_created_at\": null, \"live_revision\": null, \"alias_of\": null, \"wagtail_admin_comments\": []}", "approved_go_live_at": null}}, {"model": "wagtailcore.pagerevision", "pk": 15, "fields": {"page": 11, "submitted_for_moderation": false, "created_at": "2022-06-06T22:45:56.916Z", "user": 1, "content_json": "{\"pk\": 11, \"path\": \"000100010007\", \"depth\": 3, \"numchild\": 0, \"translation_key\": \"c97a86aa-22c6-45ea-97d5-d00d923bcbe4\", \"locale\": 1, \"title\": \"novedades\", \"draft_title\": \"novedades\", \"slug\": \"novedades\", \"content_type\": 58, \"live\": true, \"has_unpublished_changes\": false, \"url_path\": \"/home/novedades/\", \"owner\": 1, \"seo_title\": \"\", \"show_in_menus\": false, \"search_description\": \"\", \"go_live_at\": null, \"expire_at\": null, \"expired\": false, \"locked\": false, \"locked_at\": null, \"locked_by\": null, \"first_published_at\": null, \"last_published_at\": null, \"latest_revision_created_at\": null, \"live_revision\": null, \"alias_of\": null, \"wagtail_admin_comments\": []}", "approved_go_live_at": null}}, {"model": "wagtailcore.pagerevision", "pk": 16, "fields": {"page": 12, "submitted_for_moderation": false, "created_at": "2022-06-06T22:46:15.366Z", "user": 1, "content_json": "{\"pk\": 12, \"path\": \"000100010008\", \"depth\": 3, \"numchild\": 0, \"translation_key\": \"c34f427f-959c-4865-afcf-03ebf8443c2e\", \"locale\": 1, \"title\": \"portafolio\", \"draft_title\": \"portafolio\", \"slug\": \"portafolio\", \"content_type\": 59, \"live\": true, \"has_unpublished_changes\": false, \"url_path\": \"/home/portafolio/\", \"owner\": 1, \"seo_title\": \"\", \"show_in_menus\": false, \"search_description\": \"\", \"go_live_at\": null, \"expire_at\": null, \"expired\": false, \"locked\": false, \"locked_at\": null, \"locked_by\": null, \"first_published_at\": null, \"last_published_at\": null, \"latest_revision_created_at\": null, \"live_revision\": null, \"alias_of\": null, \"wagtail_admin_comments\": []}", "approved_go_live_at": null}}, {"model": "wagtailcore.pagerevision", "pk": 18, "fields": {"page": 14, "submitted_for_moderation": false, "created_at": "2022-06-16T16:49:25.607Z", "user": 1, "content_json": "{\"pk\": 14, \"path\": \"000100010009\", \"depth\": 3, \"numchild\": 0, \"translation_key\": \"ac83e34d-eab6-49f0-8915-58bc3f4542f2\", \"locale\": 1, \"title\": \"Fundidora\", \"draft_title\": \"Fundidora\", \"slug\": \"fundidora\", \"content_type\": 60, \"live\": true, \"has_unpublished_changes\": false, \"url_path\": \"/home/fundidora/\", \"owner\": 1, \"seo_title\": \"\", \"show_in_menus\": false, \"search_description\": \"\", \"go_live_at\": null, \"expire_at\": null, \"expired\": false, \"locked\": false, \"locked_at\": null, \"locked_by\": null, \"first_published_at\": null, \"last_published_at\": null, \"latest_revision_created_at\": null, \"live_revision\": null, \"alias_of\": null, \"wagtail_admin_comments\": []}", "approved_go_live_at": null}}, {"model": "wagtailcore.pagerevision", "pk": 19, "fields": {"page": 15, "submitted_for_moderation": false, "created_at": "2022-09-12T19:20:59.543Z", "user": 1, "content_json": "{\"pk\": 15, \"path\": \"00010001000A\", \"depth\": 3, \"numchild\": 0, \"translation_key\": \"467372e6-2336-4cf6-a689-c24b1b02a4c3\", \"locale\": 1, \"title\": \"ukraine\", \"draft_title\": \"ukraine\", \"slug\": \"ukraine\", \"content_type\": 61, \"live\": false, \"has_unpublished_changes\": false, \"url_path\": \"/home/ukraine/\", \"owner\": 1, \"seo_title\": \"\", \"show_in_menus\": false, \"search_description\": \"\", \"go_live_at\": null, \"expire_at\": null, \"expired\": false, \"locked\": false, \"locked_at\": null, \"locked_by\": null, \"first_published_at\": null, \"last_published_at\": null, \"latest_revision_created_at\": null, \"live_revision\": null, \"alias_of\": null, \"wagtail_admin_comments\": []}", "approved_go_live_at": null}}, {"model": "wagtailcore.pagerevision", "pk": 20, "fields": {"page": 15, "submitted_for_moderation": false, "created_at": "2022-09-12T19:21:04.573Z", "user": 1, "content_json": "{\"pk\": 15, \"path\": \"00010001000A\", \"depth\": 3, \"numchild\": 0, \"translation_key\": \"467372e6-2336-4cf6-a689-c24b1b02a4c3\", \"locale\": 1, \"title\": \"ukraine\", \"draft_title\": \"ukraine\", \"slug\": \"ukraine\", \"content_type\": 61, \"live\": false, \"has_unpublished_changes\": true, \"url_path\": \"/home/ukraine/\", \"owner\": 1, \"seo_title\": \"\", \"show_in_menus\": false, \"search_description\": \"\", \"go_live_at\": null, \"expire_at\": null, \"expired\": false, \"locked\": false, \"locked_at\": null, \"locked_by\": null, \"first_published_at\": null, \"last_published_at\": null, \"latest_revision_created_at\": \"2022-09-12T19:20:59.543Z\", \"live_revision\": null, \"alias_of\": null, \"wagtail_admin_comments\": []}", "approved_go_live_at": null}}, {"model": "wagtailcore.pagerevision", "pk": 21, "fields": {"page": 16, "submitted_for_moderation": false, "created_at": "2022-09-20T17:48:44.644Z", "user": 1, "content_json": "{\"pk\": 16, \"path\": \"0001000100020001\", \"depth\": 4, \"numchild\": 0, \"translation_key\": \"91136d75-8e11-4ace-ba7d-1e0f339507ea\", \"locale\": 1, \"title\": \"contact\", \"draft_title\": \"contact\", \"slug\": \"contact\", \"content_type\": 54, \"live\": true, \"has_unpublished_changes\": false, \"url_path\": \"/home/about/contact/\", \"owner\": 1, \"seo_title\": \"\", \"show_in_menus\": false, \"search_description\": \"\", \"go_live_at\": null, \"expire_at\": null, \"expired\": false, \"locked\": false, \"locked_at\": null, \"locked_by\": null, \"first_published_at\": null, \"last_published_at\": null, \"latest_revision_created_at\": null, \"live_revision\": null, \"alias_of\": null, \"wagtail_admin_comments\": []}", "approved_go_live_at": null}}, {"model": "wagtailcore.pagerevision", "pk": 22, "fields": {"page": 17, "submitted_for_moderation": false, "created_at": "2022-12-22T16:09:36.539Z", "user": 1, "content_json": "{\"pk\": 17, \"path\": \"00010001000B\", \"depth\": 3, \"numchild\": 0, \"translation_key\": \"ebae995d-9ad0-4d1e-b0a6-c7c67c83b5aa\", \"locale\": 1, \"title\": \"programs\", \"draft_title\": \"programs\", \"slug\": \"programs\", \"content_type\": 62, \"live\": true, \"has_unpublished_changes\": false, \"url_path\": \"/home/programs/\", \"owner\": 1, \"seo_title\": \"\", \"show_in_menus\": false, \"search_description\": \"\", \"go_live_at\": null, \"expire_at\": null, \"expired\": false, \"locked\": false, \"locked_at\": null, \"locked_by\": null, \"first_published_at\": null, \"last_published_at\": null, \"latest_revision_created_at\": null, \"live_revision\": null, \"alias_of\": null, \"wagtail_admin_comments\": []}", "approved_go_live_at": null}}, {"model": "wagtailcore.grouppagepermission", "pk": 1, "fields": {"group": 1, "page": 1, "permission_type": "add"}}, {"model": "wagtailcore.grouppagepermission", "pk": 2, "fields": {"group": 1, "page": 1, "permission_type": "edit"}}, {"model": "wagtailcore.grouppagepermission", "pk": 3, "fields": {"group": 1, "page": 1, "permission_type": "publish"}}, {"model": "wagtailcore.grouppagepermission", "pk": 4, "fields": {"group": 2, "page": 1, "permission_type": "add"}}, {"model": "wagtailcore.grouppagepermission", "pk": 5, "fields": {"group": 2, "page": 1, "permission_type": "edit"}}, {"model": "wagtailcore.grouppagepermission", "pk": 6, "fields": {"group": 1, "page": 1, "permission_type": "lock"}}, {"model": "wagtailcore.grouppagepermission", "pk": 7, "fields": {"group": 1, "page": 1, "permission_type": "unlock"}}, {"model": "wagtailcore.workflowpage", "pk": 1, "fields": {"workflow": 1}}, {"model": "wagtailcore.workflowtask", "pk": 1, "fields": {"sort_order": 0, "workflow": 1, "task": 1}}, {"model": "wagtailcore.task", "pk": 1, "fields": {"name": "Moderators approval", "content_type": 5, "active": true}}, {"model": "wagtailcore.workflow", "pk": 1, "fields": {"name": "Moderators approval", "active": true}}, {"model": "wagtailcore.groupapprovaltask", "pk": 1, "fields": {"groups": [1]}}, {"model": "wagtailcore.pagelogentry", "pk": 1, "fields": {"content_type": 44, "label": "News", "action": "wagtail.create", "data_json": "\"\"", "timestamp": "2022-01-26T21:38:03.670Z", "uuid": "f961721d-e0b0-4dab-9de7-6023db48e33c", "user": 1, "content_changed": true, "deleted": false, "page": 4, "revision": null}}, {"model": "wagtailcore.pagelogentry", "pk": 2, "fields": {"content_type": 44, "label": "News", "action": "wagtail.publish", "data_json": "null", "timestamp": "2022-01-26T21:38:08.881Z", "uuid": "f961721d-e0b0-4dab-9de7-6023db48e33c", "user": 1, "content_changed": true, "deleted": false, "page": 4, "revision": 1}}, {"model": "wagtailcore.pagelogentry", "pk": 3, "fields": {"content_type": 47, "label": "The New Open Build", "action": "wagtail.create", "data_json": "\"\"", "timestamp": "2022-01-29T00:49:25.189Z", "uuid": "a8be2a8e-1d6c-4507-bce9-ac378c248f4a", "user": 1, "content_changed": true, "deleted": false, "page": 5, "revision": null}}, {"model": "wagtailcore.pagelogentry", "pk": 4, "fields": {"content_type": 47, "label": "The New Open Build", "action": "wagtail.publish", "data_json": "null", "timestamp": "2022-01-29T00:49:25.558Z", "uuid": "a8be2a8e-1d6c-4507-bce9-ac378c248f4a", "user": 1, "content_changed": true, "deleted": false, "page": 5, "revision": 2}}, {"model": "wagtailcore.pagelogentry", "pk": 5, "fields": {"content_type": 47, "label": "The New Open Build", "action": "wagtail.edit", "data_json": "\"\"", "timestamp": "2022-01-29T15:42:45.196Z", "uuid": "7ea58d24-47a0-4360-a390-5c3673219887", "user": 1, "content_changed": true, "deleted": false, "page": 5, "revision": 3}}, {"model": "wagtailcore.pagelogentry", "pk": 6, "fields": {"content_type": 47, "label": "The New Open Build", "action": "wagtail.publish", "data_json": "null", "timestamp": "2022-01-29T15:42:45.364Z", "uuid": "7ea58d24-47a0-4360-a390-5c3673219887", "user": 1, "content_changed": true, "deleted": false, "page": 5, "revision": 3}}, {"model": "wagtailcore.pagelogentry", "pk": 7, "fields": {"content_type": 47, "label": "The New Open Build", "action": "wagtail.edit", "data_json": "\"\"", "timestamp": "2022-01-29T15:44:26.182Z", "uuid": "605f54ed-8ad9-47db-9610-8485708f1508", "user": 1, "content_changed": true, "deleted": false, "page": 5, "revision": 4}}, {"model": "wagtailcore.pagelogentry", "pk": 8, "fields": {"content_type": 47, "label": "The New Open Build", "action": "wagtail.publish", "data_json": "null", "timestamp": "2022-01-29T15:44:26.330Z", "uuid": "605f54ed-8ad9-47db-9610-8485708f1508", "user": 1, "content_changed": true, "deleted": false, "page": 5, "revision": 4}}, {"model": "wagtailcore.pagelogentry", "pk": 9, "fields": {"content_type": 44, "label": "News", "action": "wagtail.edit", "data_json": "\"\"", "timestamp": "2022-02-07T20:10:38.997Z", "uuid": "34e6b4e3-2baa-4cde-b5b6-f65c8007fa83", "user": 1, "content_changed": true, "deleted": false, "page": 4, "revision": 5}}, {"model": "wagtailcore.pagelogentry", "pk": 10, "fields": {"content_type": 44, "label": "News", "action": "wagtail.publish", "data_json": "null", "timestamp": "2022-02-07T20:10:39.122Z", "uuid": "34e6b4e3-2baa-4cde-b5b6-f65c8007fa83", "user": 1, "content_changed": true, "deleted": false, "page": 4, "revision": 5}}, {"model": "wagtailcore.pagelogentry", "pk": 11, "fields": {"content_type": 47, "label": "The New Open Build", "action": "wagtail.edit", "data_json": "\"\"", "timestamp": "2022-02-07T20:11:25.117Z", "uuid": "eb936c04-7147-44a4-8657-e0cf0df30881", "user": 1, "content_changed": true, "deleted": false, "page": 5, "revision": 6}}, {"model": "wagtailcore.pagelogentry", "pk": 12, "fields": {"content_type": 47, "label": "The New Open Build", "action": "wagtail.publish", "data_json": "null", "timestamp": "2022-02-07T20:11:25.271Z", "uuid": "eb936c04-7147-44a4-8657-e0cf0df30881", "user": 1, "content_changed": true, "deleted": false, "page": 5, "revision": 6}}, {"model": "wagtailcore.pagelogentry", "pk": 13, "fields": {"content_type": 47, "label": "The New Open Build", "action": "wagtail.edit", "data_json": "\"\"", "timestamp": "2022-02-07T20:21:57.103Z", "uuid": "c78eea37-70b1-4c30-93ed-981c73892c15", "user": 1, "content_changed": true, "deleted": false, "page": 5, "revision": 7}}, {"model": "wagtailcore.pagelogentry", "pk": 14, "fields": {"content_type": 47, "label": "The New Open Build", "action": "wagtail.edit", "data_json": "\"\"", "timestamp": "2022-02-07T20:22:02.036Z", "uuid": "60c14c39-0fa7-4165-acfb-e23f68839ebb", "user": 1, "content_changed": true, "deleted": false, "page": 5, "revision": 8}}, {"model": "wagtailcore.pagelogentry", "pk": 15, "fields": {"content_type": 47, "label": "The New Open Build", "action": "wagtail.publish", "data_json": "null", "timestamp": "2022-02-07T20:22:02.203Z", "uuid": "60c14c39-0fa7-4165-acfb-e23f68839ebb", "user": 1, "content_changed": true, "deleted": false, "page": 5, "revision": 8}}, {"model": "wagtailcore.pagelogentry", "pk": 16, "fields": {"content_type": 47, "label": "The New Open Build", "action": "wagtail.edit", "data_json": "\"\"", "timestamp": "2022-02-17T21:48:34.931Z", "uuid": "0f35ba9d-feeb-4e3f-9df8-3ce096527bd2", "user": 1, "content_changed": true, "deleted": false, "page": 5, "revision": 9}}, {"model": "wagtailcore.pagelogentry", "pk": 17, "fields": {"content_type": 47, "label": "The New Open Build", "action": "wagtail.publish", "data_json": "null", "timestamp": "2022-02-17T21:48:35.116Z", "uuid": "0f35ba9d-feeb-4e3f-9df8-3ce096527bd2", "user": 1, "content_changed": true, "deleted": false, "page": 5, "revision": 9}}, {"model": "wagtailcore.pagelogentry", "pk": 18, "fields": {"content_type": 51, "label": "about", "action": "wagtail.create", "data_json": "\"\"", "timestamp": "2022-04-01T16:54:32.268Z", "uuid": "0cbf0e3c-5d06-4dc4-af23-951d877df6e3", "user": 1, "content_changed": true, "deleted": false, "page": 6, "revision": null}}, {"model": "wagtailcore.pagelogentry", "pk": 19, "fields": {"content_type": 51, "label": "about", "action": "wagtail.publish", "data_json": "null", "timestamp": "2022-04-01T16:54:32.489Z", "uuid": "0cbf0e3c-5d06-4dc4-af23-951d877df6e3", "user": 1, "content_changed": true, "deleted": false, "page": 6, "revision": 10}}, {"model": "wagtailcore.pagelogentry", "pk": 20, "fields": {"content_type": 55, "label": "portfolio", "action": "wagtail.create", "data_json": "\"\"", "timestamp": "2022-06-06T22:33:16.514Z", "uuid": "2f4dabeb-7429-4cfe-a5fd-a41ce1d0de77", "user": 1, "content_changed": true, "deleted": false, "page": 7, "revision": null}}, {"model": "wagtailcore.pagelogentry", "pk": 21, "fields": {"content_type": 55, "label": "portfolio", "action": "wagtail.publish", "data_json": "null", "timestamp": "2022-06-06T22:33:16.723Z", "uuid": "2f4dabeb-7429-4cfe-a5fd-a41ce1d0de77", "user": 1, "content_changed": true, "deleted": false, "page": 7, "revision": 11}}, {"model": "wagtailcore.pagelogentry", "pk": 22, "fields": {"content_type": 52, "label": "foundry", "action": "wagtail.create", "data_json": "\"\"", "timestamp": "2022-06-06T22:33:44.121Z", "uuid": "17b8e616-4273-46b2-a24a-53010832edf3", "user": 1, "content_changed": true, "deleted": false, "page": 8, "revision": null}}, {"model": "wagtailcore.pagelogentry", "pk": 23, "fields": {"content_type": 52, "label": "foundry", "action": "wagtail.publish", "data_json": "null", "timestamp": "2022-06-06T22:33:44.304Z", "uuid": "17b8e616-4273-46b2-a24a-53010832edf3", "user": 1, "content_changed": true, "deleted": false, "page": 8, "revision": 12}}, {"model": "wagtailcore.pagelogentry", "pk": 24, "fields": {"content_type": 56, "label": "inicio", "action": "wagtail.create", "data_json": "\"\"", "timestamp": "2022-06-06T22:34:08.941Z", "uuid": "efe8ed2f-9d3f-459e-a217-898dc3bc2aa7", "user": 1, "content_changed": true, "deleted": false, "page": 9, "revision": null}}, {"model": "wagtailcore.pagelogentry", "pk": 25, "fields": {"content_type": 56, "label": "inicio", "action": "wagtail.publish", "data_json": "null", "timestamp": "2022-06-06T22:34:09.121Z", "uuid": "efe8ed2f-9d3f-459e-a217-898dc3bc2aa7", "user": 1, "content_changed": true, "deleted": false, "page": 9, "revision": 13}}, {"model": "wagtailcore.pagelogentry", "pk": 26, "fields": {"content_type": 57, "label": "nosotros", "action": "wagtail.create", "data_json": "\"\"", "timestamp": "2022-06-06T22:45:30.983Z", "uuid": "1df542dc-70ef-4929-9a75-42d84442859d", "user": 1, "content_changed": true, "deleted": false, "page": 10, "revision": null}}, {"model": "wagtailcore.pagelogentry", "pk": 27, "fields": {"content_type": 57, "label": "nosotros", "action": "wagtail.publish", "data_json": "null", "timestamp": "2022-06-06T22:45:31.142Z", "uuid": "1df542dc-70ef-4929-9a75-42d84442859d", "user": 1, "content_changed": true, "deleted": false, "page": 10, "revision": 14}}, {"model": "wagtailcore.pagelogentry", "pk": 28, "fields": {"content_type": 58, "label": "novedades", "action": "wagtail.create", "data_json": "\"\"", "timestamp": "2022-06-06T22:45:56.879Z", "uuid": "a648d95e-0b27-4a59-a809-6235ae6107d7", "user": 1, "content_changed": true, "deleted": false, "page": 11, "revision": null}}, {"model": "wagtailcore.pagelogentry", "pk": 29, "fields": {"content_type": 58, "label": "novedades", "action": "wagtail.publish", "data_json": "null", "timestamp": "2022-06-06T22:45:57.048Z", "uuid": "a648d95e-0b27-4a59-a809-6235ae6107d7", "user": 1, "content_changed": true, "deleted": false, "page": 11, "revision": 15}}, {"model": "wagtailcore.pagelogentry", "pk": 30, "fields": {"content_type": 59, "label": "portafolio", "action": "wagtail.create", "data_json": "\"\"", "timestamp": "2022-06-06T22:46:15.326Z", "uuid": "7e764efa-e35f-418c-8944-bf68ccac4059", "user": 1, "content_changed": true, "deleted": false, "page": 12, "revision": null}}, {"model": "wagtailcore.pagelogentry", "pk": 31, "fields": {"content_type": 59, "label": "portafolio", "action": "wagtail.publish", "data_json": "null", "timestamp": "2022-06-06T22:46:15.498Z", "uuid": "7e764efa-e35f-418c-8944-bf68ccac4059", "user": 1, "content_changed": true, "deleted": false, "page": 12, "revision": 16}}, {"model": "wagtailcore.pagelogentry", "pk": 32, "fields": {"content_type": 52, "label": "Fundidora", "action": "wagtail.create", "data_json": "\"\"", "timestamp": "2022-06-16T00:03:29.564Z", "uuid": "9bee35b1-6757-4b50-bce2-fe917550c2ed", "user": 1, "content_changed": true, "deleted": false, "page": 13, "revision": null}}, {"model": "wagtailcore.pagelogentry", "pk": 33, "fields": {"content_type": 52, "label": "Fundidora", "action": "wagtail.publish", "data_json": "null", "timestamp": "2022-06-16T00:03:29.802Z", "uuid": "9bee35b1-6757-4b50-bce2-fe917550c2ed", "user": 1, "content_changed": true, "deleted": false, "page": 13, "revision": 17}}, {"model": "wagtailcore.pagelogentry", "pk": 34, "fields": {"content_type": 52, "label": "Fundidora", "action": "wagtail.delete", "data_json": "\"\"", "timestamp": "2022-06-16T16:48:30.026Z", "uuid": "72cc237c-1633-4437-a22a-5c1bb608109e", "user": 1, "content_changed": false, "deleted": true, "page": 13, "revision": null}}, {"model": "wagtailcore.pagelogentry", "pk": 35, "fields": {"content_type": 60, "label": "Fundidora", "action": "wagtail.create", "data_json": "\"\"", "timestamp": "2022-06-16T16:49:25.563Z", "uuid": "454315aa-099a-407e-a9e8-26300bd239a4", "user": 1, "content_changed": true, "deleted": false, "page": 14, "revision": null}}, {"model": "wagtailcore.pagelogentry", "pk": 36, "fields": {"content_type": 60, "label": "Fundidora", "action": "wagtail.publish", "data_json": "null", "timestamp": "2022-06-16T16:49:25.717Z", "uuid": "454315aa-099a-407e-a9e8-26300bd239a4", "user": 1, "content_changed": true, "deleted": false, "page": 14, "revision": 18}}, {"model": "wagtailcore.pagelogentry", "pk": 37, "fields": {"content_type": 61, "label": "ukraine", "action": "wagtail.create", "data_json": "\"\"", "timestamp": "2022-09-12T19:20:59.489Z", "uuid": "b107b5df-a895-4625-9ec8-be2e4067a440", "user": 1, "content_changed": true, "deleted": false, "page": 15, "revision": null}}, {"model": "wagtailcore.pagelogentry", "pk": 38, "fields": {"content_type": 61, "label": "ukraine", "action": "wagtail.edit", "data_json": "\"\"", "timestamp": "2022-09-12T19:21:04.619Z", "uuid": "81aa58ab-21c8-4766-8463-5c1fdf649c94", "user": 1, "content_changed": true, "deleted": false, "page": 15, "revision": 20}}, {"model": "wagtailcore.pagelogentry", "pk": 39, "fields": {"content_type": 61, "label": "ukraine", "action": "wagtail.publish", "data_json": "null", "timestamp": "2022-09-12T19:21:04.724Z", "uuid": "81aa58ab-21c8-4766-8463-5c1fdf649c94", "user": 1, "content_changed": false, "deleted": false, "page": 15, "revision": 20}}, {"model": "wagtailcore.pagelogentry", "pk": 40, "fields": {"content_type": 54, "label": "contact", "action": "wagtail.create", "data_json": "\"\"", "timestamp": "2022-09-20T17:48:44.578Z", "uuid": "15d349ac-5a9f-483a-a01e-fb9a33b910c5", "user": 1, "content_changed": true, "deleted": false, "page": 16, "revision": null}}, {"model": "wagtailcore.pagelogentry", "pk": 41, "fields": {"content_type": 54, "label": "contact", "action": "wagtail.publish", "data_json": "null", "timestamp": "2022-09-20T17:48:44.813Z", "uuid": "15d349ac-5a9f-483a-a01e-fb9a33b910c5", "user": 1, "content_changed": true, "deleted": false, "page": 16, "revision": 21}}, {"model": "wagtailcore.pagelogentry", "pk": 42, "fields": {"content_type": 62, "label": "programs", "action": "wagtail.create", "data_json": "\"\"", "timestamp": "2022-12-22T16:09:36.468Z", "uuid": "2843b57b-4b7e-432d-a9e1-7361f5a15d96", "user": 1, "content_changed": true, "deleted": false, "page": 17, "revision": null}}, {"model": "wagtailcore.pagelogentry", "pk": 43, "fields": {"content_type": 62, "label": "programs", "action": "wagtail.publish", "data_json": "null", "timestamp": "2022-12-22T16:09:36.689Z", "uuid": "2843b57b-4b7e-432d-a9e1-7361f5a15d96", "user": 1, "content_changed": true, "deleted": false, "page": 17, "revision": 22}}, {"model": "wagtailcore.pagesubscription", "pk": 1, "fields": {"user": 1, "page": 4, "comment_notifications": true}}, {"model": "wagtailcore.pagesubscription", "pk": 2, "fields": {"user": 1, "page": 5, "comment_notifications": true}}, {"model": "wagtailcore.pagesubscription", "pk": 3, "fields": {"user": 1, "page": 6, "comment_notifications": true}}, {"model": "wagtailcore.pagesubscription", "pk": 4, "fields": {"user": 1, "page": 7, "comment_notifications": true}}, {"model": "wagtailcore.pagesubscription", "pk": 5, "fields": {"user": 1, "page": 8, "comment_notifications": true}}, {"model": "wagtailcore.pagesubscription", "pk": 6, "fields": {"user": 1, "page": 9, "comment_notifications": true}}, {"model": "wagtailcore.pagesubscription", "pk": 7, "fields": {"user": 1, "page": 10, "comment_notifications": true}}, {"model": "wagtailcore.pagesubscription", "pk": 8, "fields": {"user": 1, "page": 11, "comment_notifications": true}}, {"model": "wagtailcore.pagesubscription", "pk": 9, "fields": {"user": 1, "page": 12, "comment_notifications": true}}, {"model": "wagtailcore.pagesubscription", "pk": 11, "fields": {"user": 1, "page": 14, "comment_notifications": true}}, {"model": "wagtailcore.pagesubscription", "pk": 12, "fields": {"user": 1, "page": 15, "comment_notifications": true}}, {"model": "wagtailcore.pagesubscription", "pk": 13, "fields": {"user": 1, "page": 16, "comment_notifications": true}}, {"model": "wagtailcore.pagesubscription", "pk": 14, "fields": {"user": 1, "page": 17, "comment_notifications": true}}, {"model": "taggit.tag", "pk": 1, "fields": {"name": "Kenya", "slug": "kenya"}}, {"model": "taggit.tag", "pk": 2, "fields": {"name": "mobasa", "slug": "mobasa"}}, {"model": "taggit.tag", "pk": 3, "fields": {"name": "STEAM", "slug": "steam"}}, {"model": "taggit.tag", "pk": 4, "fields": {"name": "teams", "slug": "teams"}}, {"model": "taggit.tag", "pk": 5, "fields": {"name": "hiring", "slug": "hiring"}}, {"model": "taggit.tag", "pk": 6, "fields": {"name": "open build", "slug": "open-build"}}, {"model": "taggit.tag", "pk": 7, "fields": {"name": "open source", "slug": "open-source"}}, {"model": "taggit.tag", "pk": 8, "fields": {"name": "STEM", "slug": "stem"}}, {"model": "taggit.tag", "pk": 9, "fields": {"name": "mombasa", "slug": "mombasa"}}, {"model": "taggit.tag", "pk": 10, "fields": {"name": "logo", "slug": "logo"}}, {"model": "auth.permission", "pk": 1, "fields": {"name": "Can add image", "content_type": 3, "codename": "add_image"}}, {"model": "auth.permission", "pk": 2, "fields": {"name": "Can change image", "content_type": 3, "codename": "change_image"}}, {"model": "auth.permission", "pk": 3, "fields": {"name": "Can delete image", "content_type": 3, "codename": "delete_image"}}, {"model": "auth.permission", "pk": 4, "fields": {"name": "Can access Wagtail admin", "content_type": 4, "codename": "access_admin"}}, {"model": "auth.permission", "pk": 5, "fields": {"name": "Can add document", "content_type": 6, "codename": "add_document"}}, {"model": "auth.permission", "pk": 6, "fields": {"name": "Can change document", "content_type": 6, "codename": "change_document"}}, {"model": "auth.permission", "pk": 7, "fields": {"name": "Can delete document", "content_type": 6, "codename": "delete_document"}}, {"model": "auth.permission", "pk": 8, "fields": {"name": "Can choose document", "content_type": 6, "codename": "choose_document"}}, {"model": "auth.permission", "pk": 9, "fields": {"name": "Can choose image", "content_type": 3, "codename": "choose_image"}}, {"model": "auth.permission", "pk": 10, "fields": {"name": "Can add home page", "content_type": 2, "codename": "add_homepage"}}, {"model": "auth.permission", "pk": 11, "fields": {"name": "Can change home page", "content_type": 2, "codename": "change_homepage"}}, {"model": "auth.permission", "pk": 12, "fields": {"name": "Can delete home page", "content_type": 2, "codename": "delete_homepage"}}, {"model": "auth.permission", "pk": 13, "fields": {"name": "Can view home page", "content_type": 2, "codename": "view_homepage"}}, {"model": "auth.permission", "pk": 14, "fields": {"name": "Can add form submission", "content_type": 7, "codename": "add_formsubmission"}}, {"model": "auth.permission", "pk": 15, "fields": {"name": "Can change form submission", "content_type": 7, "codename": "change_formsubmission"}}, {"model": "auth.permission", "pk": 16, "fields": {"name": "Can delete form submission", "content_type": 7, "codename": "delete_formsubmission"}}, {"model": "auth.permission", "pk": 17, "fields": {"name": "Can view form submission", "content_type": 7, "codename": "view_formsubmission"}}, {"model": "auth.permission", "pk": 18, "fields": {"name": "Can add redirect", "content_type": 8, "codename": "add_redirect"}}, {"model": "auth.permission", "pk": 19, "fields": {"name": "Can change redirect", "content_type": 8, "codename": "change_redirect"}}, {"model": "auth.permission", "pk": 20, "fields": {"name": "Can delete redirect", "content_type": 8, "codename": "delete_redirect"}}, {"model": "auth.permission", "pk": 21, "fields": {"name": "Can view redirect", "content_type": 8, "codename": "view_redirect"}}, {"model": "auth.permission", "pk": 22, "fields": {"name": "Can add embed", "content_type": 9, "codename": "add_embed"}}, {"model": "auth.permission", "pk": 23, "fields": {"name": "Can change embed", "content_type": 9, "codename": "change_embed"}}, {"model": "auth.permission", "pk": 24, "fields": {"name": "Can delete embed", "content_type": 9, "codename": "delete_embed"}}, {"model": "auth.permission", "pk": 25, "fields": {"name": "Can view embed", "content_type": 9, "codename": "view_embed"}}, {"model": "auth.permission", "pk": 26, "fields": {"name": "Can add user profile", "content_type": 10, "codename": "add_userprofile"}}, {"model": "auth.permission", "pk": 27, "fields": {"name": "Can change user profile", "content_type": 10, "codename": "change_userprofile"}}, {"model": "auth.permission", "pk": 28, "fields": {"name": "Can delete user profile", "content_type": 10, "codename": "delete_userprofile"}}, {"model": "auth.permission", "pk": 29, "fields": {"name": "Can view user profile", "content_type": 10, "codename": "view_userprofile"}}, {"model": "auth.permission", "pk": 30, "fields": {"name": "Can view document", "content_type": 6, "codename": "view_document"}}, {"model": "auth.permission", "pk": 31, "fields": {"name": "Can add uploaded document", "content_type": 11, "codename": "add_uploadeddocument"}}, {"model": "auth.permission", "pk": 32, "fields": {"name": "Can change uploaded document", "content_type": 11, "codename": "change_uploadeddocument"}}, {"model": "auth.permission", "pk": 33, "fields": {"name": "Can delete uploaded document", "content_type": 11, "codename": "delete_uploadeddocument"}}, {"model": "auth.permission", "pk": 34, "fields": {"name": "Can view uploaded document", "content_type": 11, "codename": "view_uploadeddocument"}}, {"model": "auth.permission", "pk": 35, "fields": {"name": "Can view image", "content_type": 3, "codename": "view_image"}}, {"model": "auth.permission", "pk": 36, "fields": {"name": "Can add rendition", "content_type": 12, "codename": "add_rendition"}}, {"model": "auth.permission", "pk": 37, "fields": {"name": "Can change rendition", "content_type": 12, "codename": "change_rendition"}}, {"model": "auth.permission", "pk": 38, "fields": {"name": "Can delete rendition", "content_type": 12, "codename": "delete_rendition"}}, {"model": "auth.permission", "pk": 39, "fields": {"name": "Can view rendition", "content_type": 12, "codename": "view_rendition"}}, {"model": "auth.permission", "pk": 40, "fields": {"name": "Can add uploaded image", "content_type": 13, "codename": "add_uploadedimage"}}, {"model": "auth.permission", "pk": 41, "fields": {"name": "Can change uploaded image", "content_type": 13, "codename": "change_uploadedimage"}}, {"model": "auth.permission", "pk": 42, "fields": {"name": "Can delete uploaded image", "content_type": 13, "codename": "delete_uploadedimage"}}, {"model": "auth.permission", "pk": 43, "fields": {"name": "Can view uploaded image", "content_type": 13, "codename": "view_uploadedimage"}}, {"model": "auth.permission", "pk": 44, "fields": {"name": "Can add query", "content_type": 14, "codename": "add_query"}}, {"model": "auth.permission", "pk": 45, "fields": {"name": "Can change query", "content_type": 14, "codename": "change_query"}}, {"model": "auth.permission", "pk": 46, "fields": {"name": "Can delete query", "content_type": 14, "codename": "delete_query"}}, {"model": "auth.permission", "pk": 47, "fields": {"name": "Can view query", "content_type": 14, "codename": "view_query"}}, {"model": "auth.permission", "pk": 48, "fields": {"name": "Can add Query Daily Hits", "content_type": 15, "codename": "add_querydailyhits"}}, {"model": "auth.permission", "pk": 49, "fields": {"name": "Can change Query Daily Hits", "content_type": 15, "codename": "change_querydailyhits"}}, {"model": "auth.permission", "pk": 50, "fields": {"name": "Can delete Query Daily Hits", "content_type": 15, "codename": "delete_querydailyhits"}}, {"model": "auth.permission", "pk": 51, "fields": {"name": "Can view Query Daily Hits", "content_type": 15, "codename": "view_querydailyhits"}}, {"model": "auth.permission", "pk": 52, "fields": {"name": "Can add index entry", "content_type": 16, "codename": "add_indexentry"}}, {"model": "auth.permission", "pk": 53, "fields": {"name": "Can change index entry", "content_type": 16, "codename": "change_indexentry"}}, {"model": "auth.permission", "pk": 54, "fields": {"name": "Can delete index entry", "content_type": 16, "codename": "delete_indexentry"}}, {"model": "auth.permission", "pk": 55, "fields": {"name": "Can view index entry", "content_type": 16, "codename": "view_indexentry"}}, {"model": "auth.permission", "pk": 56, "fields": {"name": "Can add page", "content_type": 1, "codename": "add_page"}}, {"model": "auth.permission", "pk": 57, "fields": {"name": "Can change page", "content_type": 1, "codename": "change_page"}}, {"model": "auth.permission", "pk": 58, "fields": {"name": "Can delete page", "content_type": 1, "codename": "delete_page"}}, {"model": "auth.permission", "pk": 59, "fields": {"name": "Can view page", "content_type": 1, "codename": "view_page"}}, {"model": "auth.permission", "pk": 60, "fields": {"name": "Can add group page permission", "content_type": 17, "codename": "add_grouppagepermission"}}, {"model": "auth.permission", "pk": 61, "fields": {"name": "Can change group page permission", "content_type": 17, "codename": "change_grouppagepermission"}}, {"model": "auth.permission", "pk": 62, "fields": {"name": "Can delete group page permission", "content_type": 17, "codename": "delete_grouppagepermission"}}, {"model": "auth.permission", "pk": 63, "fields": {"name": "Can view group page permission", "content_type": 17, "codename": "view_grouppagepermission"}}, {"model": "auth.permission", "pk": 64, "fields": {"name": "Can add page revision", "content_type": 18, "codename": "add_pagerevision"}}, {"model": "auth.permission", "pk": 65, "fields": {"name": "Can change page revision", "content_type": 18, "codename": "change_pagerevision"}}, {"model": "auth.permission", "pk": 66, "fields": {"name": "Can delete page revision", "content_type": 18, "codename": "delete_pagerevision"}}, {"model": "auth.permission", "pk": 67, "fields": {"name": "Can view page revision", "content_type": 18, "codename": "view_pagerevision"}}, {"model": "auth.permission", "pk": 68, "fields": {"name": "Can add page view restriction", "content_type": 19, "codename": "add_pageviewrestriction"}}, {"model": "auth.permission", "pk": 69, "fields": {"name": "Can change page view restriction", "content_type": 19, "codename": "change_pageviewrestriction"}}, {"model": "auth.permission", "pk": 70, "fields": {"name": "Can delete page view restriction", "content_type": 19, "codename": "delete_pageviewrestriction"}}, {"model": "auth.permission", "pk": 71, "fields": {"name": "Can view page view restriction", "content_type": 19, "codename": "view_pageviewrestriction"}}, {"model": "auth.permission", "pk": 72, "fields": {"name": "Can add site", "content_type": 20, "codename": "add_site"}}, {"model": "auth.permission", "pk": 73, "fields": {"name": "Can change site", "content_type": 20, "codename": "change_site"}}, {"model": "auth.permission", "pk": 74, "fields": {"name": "Can delete site", "content_type": 20, "codename": "delete_site"}}, {"model": "auth.permission", "pk": 75, "fields": {"name": "Can view site", "content_type": 20, "codename": "view_site"}}, {"model": "auth.permission", "pk": 76, "fields": {"name": "Can add collection", "content_type": 21, "codename": "add_collection"}}, {"model": "auth.permission", "pk": 77, "fields": {"name": "Can change collection", "content_type": 21, "codename": "change_collection"}}, {"model": "auth.permission", "pk": 78, "fields": {"name": "Can delete collection", "content_type": 21, "codename": "delete_collection"}}, {"model": "auth.permission", "pk": 79, "fields": {"name": "Can view collection", "content_type": 21, "codename": "view_collection"}}, {"model": "auth.permission", "pk": 80, "fields": {"name": "Can add group collection permission", "content_type": 22, "codename": "add_groupcollectionpermission"}}, {"model": "auth.permission", "pk": 81, "fields": {"name": "Can change group collection permission", "content_type": 22, "codename": "change_groupcollectionpermission"}}, {"model": "auth.permission", "pk": 82, "fields": {"name": "Can delete group collection permission", "content_type": 22, "codename": "delete_groupcollectionpermission"}}, {"model": "auth.permission", "pk": 83, "fields": {"name": "Can view group collection permission", "content_type": 22, "codename": "view_groupcollectionpermission"}}, {"model": "auth.permission", "pk": 84, "fields": {"name": "Can add collection view restriction", "content_type": 23, "codename": "add_collectionviewrestriction"}}, {"model": "auth.permission", "pk": 85, "fields": {"name": "Can change collection view restriction", "content_type": 23, "codename": "change_collectionviewrestriction"}}, {"model": "auth.permission", "pk": 86, "fields": {"name": "Can delete collection view restriction", "content_type": 23, "codename": "delete_collectionviewrestriction"}}, {"model": "auth.permission", "pk": 87, "fields": {"name": "Can view collection view restriction", "content_type": 23, "codename": "view_collectionviewrestriction"}}, {"model": "auth.permission", "pk": 88, "fields": {"name": "Can add task", "content_type": 24, "codename": "add_task"}}, {"model": "auth.permission", "pk": 89, "fields": {"name": "Can change task", "content_type": 24, "codename": "change_task"}}, {"model": "auth.permission", "pk": 90, "fields": {"name": "Can delete task", "content_type": 24, "codename": "delete_task"}}, {"model": "auth.permission", "pk": 91, "fields": {"name": "Can view task", "content_type": 24, "codename": "view_task"}}, {"model": "auth.permission", "pk": 92, "fields": {"name": "Can add Task state", "content_type": 25, "codename": "add_taskstate"}}, {"model": "auth.permission", "pk": 93, "fields": {"name": "Can change Task state", "content_type": 25, "codename": "change_taskstate"}}, {"model": "auth.permission", "pk": 94, "fields": {"name": "Can delete Task state", "content_type": 25, "codename": "delete_taskstate"}}, {"model": "auth.permission", "pk": 95, "fields": {"name": "Can view Task state", "content_type": 25, "codename": "view_taskstate"}}, {"model": "auth.permission", "pk": 96, "fields": {"name": "Can add workflow", "content_type": 26, "codename": "add_workflow"}}, {"model": "auth.permission", "pk": 97, "fields": {"name": "Can change workflow", "content_type": 26, "codename": "change_workflow"}}, {"model": "auth.permission", "pk": 98, "fields": {"name": "Can delete workflow", "content_type": 26, "codename": "delete_workflow"}}, {"model": "auth.permission", "pk": 99, "fields": {"name": "Can view workflow", "content_type": 26, "codename": "view_workflow"}}, {"model": "auth.permission", "pk": 100, "fields": {"name": "Can add Group approval task", "content_type": 5, "codename": "add_groupapprovaltask"}}, {"model": "auth.permission", "pk": 101, "fields": {"name": "Can change Group approval task", "content_type": 5, "codename": "change_groupapprovaltask"}}, {"model": "auth.permission", "pk": 102, "fields": {"name": "Can delete Group approval task", "content_type": 5, "codename": "delete_groupapprovaltask"}}, {"model": "auth.permission", "pk": 103, "fields": {"name": "Can view Group approval task", "content_type": 5, "codename": "view_groupapprovaltask"}}, {"model": "auth.permission", "pk": 104, "fields": {"name": "Can add Workflow state", "content_type": 27, "codename": "add_workflowstate"}}, {"model": "auth.permission", "pk": 105, "fields": {"name": "Can change Workflow state", "content_type": 27, "codename": "change_workflowstate"}}, {"model": "auth.permission", "pk": 106, "fields": {"name": "Can delete Workflow state", "content_type": 27, "codename": "delete_workflowstate"}}, {"model": "auth.permission", "pk": 107, "fields": {"name": "Can view Workflow state", "content_type": 27, "codename": "view_workflowstate"}}, {"model": "auth.permission", "pk": 108, "fields": {"name": "Can add workflow page", "content_type": 28, "codename": "add_workflowpage"}}, {"model": "auth.permission", "pk": 109, "fields": {"name": "Can change workflow page", "content_type": 28, "codename": "change_workflowpage"}}, {"model": "auth.permission", "pk": 110, "fields": {"name": "Can delete workflow page", "content_type": 28, "codename": "delete_workflowpage"}}, {"model": "auth.permission", "pk": 111, "fields": {"name": "Can view workflow page", "content_type": 28, "codename": "view_workflowpage"}}, {"model": "auth.permission", "pk": 112, "fields": {"name": "Can add workflow task order", "content_type": 29, "codename": "add_workflowtask"}}, {"model": "auth.permission", "pk": 113, "fields": {"name": "Can change workflow task order", "content_type": 29, "codename": "change_workflowtask"}}, {"model": "auth.permission", "pk": 114, "fields": {"name": "Can delete workflow task order", "content_type": 29, "codename": "delete_workflowtask"}}, {"model": "auth.permission", "pk": 115, "fields": {"name": "Can view workflow task order", "content_type": 29, "codename": "view_workflowtask"}}, {"model": "auth.permission", "pk": 116, "fields": {"name": "Can add page log entry", "content_type": 30, "codename": "add_pagelogentry"}}, {"model": "auth.permission", "pk": 117, "fields": {"name": "Can change page log entry", "content_type": 30, "codename": "change_pagelogentry"}}, {"model": "auth.permission", "pk": 118, "fields": {"name": "Can delete page log entry", "content_type": 30, "codename": "delete_pagelogentry"}}, {"model": "auth.permission", "pk": 119, "fields": {"name": "Can view page log entry", "content_type": 30, "codename": "view_pagelogentry"}}, {"model": "auth.permission", "pk": 120, "fields": {"name": "Can add locale", "content_type": 31, "codename": "add_locale"}}, {"model": "auth.permission", "pk": 121, "fields": {"name": "Can change locale", "content_type": 31, "codename": "change_locale"}}, {"model": "auth.permission", "pk": 122, "fields": {"name": "Can delete locale", "content_type": 31, "codename": "delete_locale"}}, {"model": "auth.permission", "pk": 123, "fields": {"name": "Can view locale", "content_type": 31, "codename": "view_locale"}}, {"model": "auth.permission", "pk": 124, "fields": {"name": "Can add comment", "content_type": 32, "codename": "add_comment"}}, {"model": "auth.permission", "pk": 125, "fields": {"name": "Can change comment", "content_type": 32, "codename": "change_comment"}}, {"model": "auth.permission", "pk": 126, "fields": {"name": "Can delete comment", "content_type": 32, "codename": "delete_comment"}}, {"model": "auth.permission", "pk": 127, "fields": {"name": "Can view comment", "content_type": 32, "codename": "view_comment"}}, {"model": "auth.permission", "pk": 128, "fields": {"name": "Can add comment reply", "content_type": 33, "codename": "add_commentreply"}}, {"model": "auth.permission", "pk": 129, "fields": {"name": "Can change comment reply", "content_type": 33, "codename": "change_commentreply"}}, {"model": "auth.permission", "pk": 130, "fields": {"name": "Can delete comment reply", "content_type": 33, "codename": "delete_commentreply"}}, {"model": "auth.permission", "pk": 131, "fields": {"name": "Can view comment reply", "content_type": 33, "codename": "view_commentreply"}}, {"model": "auth.permission", "pk": 132, "fields": {"name": "Can add page subscription", "content_type": 34, "codename": "add_pagesubscription"}}, {"model": "auth.permission", "pk": 133, "fields": {"name": "Can change page subscription", "content_type": 34, "codename": "change_pagesubscription"}}, {"model": "auth.permission", "pk": 134, "fields": {"name": "Can delete page subscription", "content_type": 34, "codename": "delete_pagesubscription"}}, {"model": "auth.permission", "pk": 135, "fields": {"name": "Can view page subscription", "content_type": 34, "codename": "view_pagesubscription"}}, {"model": "auth.permission", "pk": 136, "fields": {"name": "Can add model log entry", "content_type": 35, "codename": "add_modellogentry"}}, {"model": "auth.permission", "pk": 137, "fields": {"name": "Can change model log entry", "content_type": 35, "codename": "change_modellogentry"}}, {"model": "auth.permission", "pk": 138, "fields": {"name": "Can delete model log entry", "content_type": 35, "codename": "delete_modellogentry"}}, {"model": "auth.permission", "pk": 139, "fields": {"name": "Can view model log entry", "content_type": 35, "codename": "view_modellogentry"}}, {"model": "auth.permission", "pk": 140, "fields": {"name": "Can add tag", "content_type": 36, "codename": "add_tag"}}, {"model": "auth.permission", "pk": 141, "fields": {"name": "Can change tag", "content_type": 36, "codename": "change_tag"}}, {"model": "auth.permission", "pk": 142, "fields": {"name": "Can delete tag", "content_type": 36, "codename": "delete_tag"}}, {"model": "auth.permission", "pk": 143, "fields": {"name": "Can view tag", "content_type": 36, "codename": "view_tag"}}, {"model": "auth.permission", "pk": 144, "fields": {"name": "Can add tagged item", "content_type": 37, "codename": "add_taggeditem"}}, {"model": "auth.permission", "pk": 145, "fields": {"name": "Can change tagged item", "content_type": 37, "codename": "change_taggeditem"}}, {"model": "auth.permission", "pk": 146, "fields": {"name": "Can delete tagged item", "content_type": 37, "codename": "delete_taggeditem"}}, {"model": "auth.permission", "pk": 147, "fields": {"name": "Can view tagged item", "content_type": 37, "codename": "view_taggeditem"}}, {"model": "auth.permission", "pk": 148, "fields": {"name": "Can add log entry", "content_type": 38, "codename": "add_logentry"}}, {"model": "auth.permission", "pk": 149, "fields": {"name": "Can change log entry", "content_type": 38, "codename": "change_logentry"}}, {"model": "auth.permission", "pk": 150, "fields": {"name": "Can delete log entry", "content_type": 38, "codename": "delete_logentry"}}, {"model": "auth.permission", "pk": 151, "fields": {"name": "Can view log entry", "content_type": 38, "codename": "view_logentry"}}, {"model": "auth.permission", "pk": 152, "fields": {"name": "Can add permission", "content_type": 39, "codename": "add_permission"}}, {"model": "auth.permission", "pk": 153, "fields": {"name": "Can change permission", "content_type": 39, "codename": "change_permission"}}, {"model": "auth.permission", "pk": 154, "fields": {"name": "Can delete permission", "content_type": 39, "codename": "delete_permission"}}, {"model": "auth.permission", "pk": 155, "fields": {"name": "Can view permission", "content_type": 39, "codename": "view_permission"}}, {"model": "auth.permission", "pk": 156, "fields": {"name": "Can add group", "content_type": 40, "codename": "add_group"}}, {"model": "auth.permission", "pk": 157, "fields": {"name": "Can change group", "content_type": 40, "codename": "change_group"}}, {"model": "auth.permission", "pk": 158, "fields": {"name": "Can delete group", "content_type": 40, "codename": "delete_group"}}, {"model": "auth.permission", "pk": 159, "fields": {"name": "Can view group", "content_type": 40, "codename": "view_group"}}, {"model": "auth.permission", "pk": 160, "fields": {"name": "Can add user", "content_type": 41, "codename": "add_user"}}, {"model": "auth.permission", "pk": 161, "fields": {"name": "Can change user", "content_type": 41, "codename": "change_user"}}, {"model": "auth.permission", "pk": 162, "fields": {"name": "Can delete user", "content_type": 41, "codename": "delete_user"}}, {"model": "auth.permission", "pk": 163, "fields": {"name": "Can view user", "content_type": 41, "codename": "view_user"}}, {"model": "auth.permission", "pk": 164, "fields": {"name": "Can add content type", "content_type": 42, "codename": "add_contenttype"}}, {"model": "auth.permission", "pk": 165, "fields": {"name": "Can change content type", "content_type": 42, "codename": "change_contenttype"}}, {"model": "auth.permission", "pk": 166, "fields": {"name": "Can delete content type", "content_type": 42, "codename": "delete_contenttype"}}, {"model": "auth.permission", "pk": 167, "fields": {"name": "Can view content type", "content_type": 42, "codename": "view_contenttype"}}, {"model": "auth.permission", "pk": 168, "fields": {"name": "Can add session", "content_type": 43, "codename": "add_session"}}, {"model": "auth.permission", "pk": 169, "fields": {"name": "Can change session", "content_type": 43, "codename": "change_session"}}, {"model": "auth.permission", "pk": 170, "fields": {"name": "Can delete session", "content_type": 43, "codename": "delete_session"}}, {"model": "auth.permission", "pk": 171, "fields": {"name": "Can view session", "content_type": 43, "codename": "view_session"}}, {"model": "auth.permission", "pk": 172, "fields": {"name": "Can add Blog", "content_type": 44, "codename": "add_blogpage"}}, {"model": "auth.permission", "pk": 173, "fields": {"name": "Can change Blog", "content_type": 44, "codename": "change_blogpage"}}, {"model": "auth.permission", "pk": 174, "fields": {"name": "Can delete Blog", "content_type": 44, "codename": "delete_blogpage"}}, {"model": "auth.permission", "pk": 175, "fields": {"name": "Can view Blog", "content_type": 44, "codename": "view_blogpage"}}, {"model": "auth.permission", "pk": 176, "fields": {"name": "Can add Category", "content_type": 45, "codename": "add_category"}}, {"model": "auth.permission", "pk": 177, "fields": {"name": "Can change Category", "content_type": 45, "codename": "change_category"}}, {"model": "auth.permission", "pk": 178, "fields": {"name": "Can delete Category", "content_type": 45, "codename": "delete_category"}}, {"model": "auth.permission", "pk": 179, "fields": {"name": "Can view Category", "content_type": 45, "codename": "view_category"}}, {"model": "auth.permission", "pk": 180, "fields": {"name": "Can add category entry page", "content_type": 46, "codename": "add_categoryentrypage"}}, {"model": "auth.permission", "pk": 181, "fields": {"name": "Can change category entry page", "content_type": 46, "codename": "change_categoryentrypage"}}, {"model": "auth.permission", "pk": 182, "fields": {"name": "Can delete category entry page", "content_type": 46, "codename": "delete_categoryentrypage"}}, {"model": "auth.permission", "pk": 183, "fields": {"name": "Can view category entry page", "content_type": 46, "codename": "view_categoryentrypage"}}, {"model": "auth.permission", "pk": 184, "fields": {"name": "Can add Entry", "content_type": 47, "codename": "add_entrypage"}}, {"model": "auth.permission", "pk": 185, "fields": {"name": "Can change Entry", "content_type": 47, "codename": "change_entrypage"}}, {"model": "auth.permission", "pk": 186, "fields": {"name": "Can delete Entry", "content_type": 47, "codename": "delete_entrypage"}}, {"model": "auth.permission", "pk": 187, "fields": {"name": "Can view Entry", "content_type": 47, "codename": "view_entrypage"}}, {"model": "auth.permission", "pk": 188, "fields": {"name": "Can add entry page related", "content_type": 48, "codename": "add_entrypagerelated"}}, {"model": "auth.permission", "pk": 189, "fields": {"name": "Can change entry page related", "content_type": 48, "codename": "change_entrypagerelated"}}, {"model": "auth.permission", "pk": 190, "fields": {"name": "Can delete entry page related", "content_type": 48, "codename": "delete_entrypagerelated"}}, {"model": "auth.permission", "pk": 191, "fields": {"name": "Can view entry page related", "content_type": 48, "codename": "view_entrypagerelated"}}, {"model": "auth.permission", "pk": 192, "fields": {"name": "Can add tag entry page", "content_type": 49, "codename": "add_tagentrypage"}}, {"model": "auth.permission", "pk": 193, "fields": {"name": "Can change tag entry page", "content_type": 49, "codename": "change_tagentrypage"}}, {"model": "auth.permission", "pk": 194, "fields": {"name": "Can delete tag entry page", "content_type": 49, "codename": "delete_tagentrypage"}}, {"model": "auth.permission", "pk": 195, "fields": {"name": "Can view tag entry page", "content_type": 49, "codename": "view_tagentrypage"}}, {"model": "auth.permission", "pk": 196, "fields": {"name": "Can add tag", "content_type": 50, "codename": "add_tag"}}, {"model": "auth.permission", "pk": 197, "fields": {"name": "Can change tag", "content_type": 50, "codename": "change_tag"}}, {"model": "auth.permission", "pk": 198, "fields": {"name": "Can delete tag", "content_type": 50, "codename": "delete_tag"}}, {"model": "auth.permission", "pk": 199, "fields": {"name": "Can view tag", "content_type": 50, "codename": "view_tag"}}, {"model": "auth.permission", "pk": 200, "fields": {"name": "Can add about page", "content_type": 51, "codename": "add_aboutpage"}}, {"model": "auth.permission", "pk": 201, "fields": {"name": "Can change about page", "content_type": 51, "codename": "change_aboutpage"}}, {"model": "auth.permission", "pk": 202, "fields": {"name": "Can delete about page", "content_type": 51, "codename": "delete_aboutpage"}}, {"model": "auth.permission", "pk": 203, "fields": {"name": "Can view about page", "content_type": 51, "codename": "view_aboutpage"}}, {"model": "auth.permission", "pk": 204, "fields": {"name": "Can add foundry", "content_type": 52, "codename": "add_foundry"}}, {"model": "auth.permission", "pk": 205, "fields": {"name": "Can change foundry", "content_type": 52, "codename": "change_foundry"}}, {"model": "auth.permission", "pk": 206, "fields": {"name": "Can delete foundry", "content_type": 52, "codename": "delete_foundry"}}, {"model": "auth.permission", "pk": 207, "fields": {"name": "Can view foundry", "content_type": 52, "codename": "view_foundry"}}, {"model": "auth.permission", "pk": 208, "fields": {"name": "Can add news", "content_type": 53, "codename": "add_news"}}, {"model": "auth.permission", "pk": 209, "fields": {"name": "Can change news", "content_type": 53, "codename": "change_news"}}, {"model": "auth.permission", "pk": 210, "fields": {"name": "Can delete news", "content_type": 53, "codename": "delete_news"}}, {"model": "auth.permission", "pk": 211, "fields": {"name": "Can view news", "content_type": 53, "codename": "view_news"}}, {"model": "auth.permission", "pk": 212, "fields": {"name": "Can add contact", "content_type": 54, "codename": "add_contact"}}, {"model": "auth.permission", "pk": 213, "fields": {"name": "Can change contact", "content_type": 54, "codename": "change_contact"}}, {"model": "auth.permission", "pk": 214, "fields": {"name": "Can delete contact", "content_type": 54, "codename": "delete_contact"}}, {"model": "auth.permission", "pk": 215, "fields": {"name": "Can view contact", "content_type": 54, "codename": "view_contact"}}, {"model": "auth.permission", "pk": 216, "fields": {"name": "Can add portfolio", "content_type": 55, "codename": "add_portfolio"}}, {"model": "auth.permission", "pk": 217, "fields": {"name": "Can change portfolio", "content_type": 55, "codename": "change_portfolio"}}, {"model": "auth.permission", "pk": 218, "fields": {"name": "Can delete portfolio", "content_type": 55, "codename": "delete_portfolio"}}, {"model": "auth.permission", "pk": 219, "fields": {"name": "Can view portfolio", "content_type": 55, "codename": "view_portfolio"}}, {"model": "auth.permission", "pk": 220, "fields": {"name": "Can add inicio", "content_type": 56, "codename": "add_inicio"}}, {"model": "auth.permission", "pk": 221, "fields": {"name": "Can change inicio", "content_type": 56, "codename": "change_inicio"}}, {"model": "auth.permission", "pk": 222, "fields": {"name": "Can delete inicio", "content_type": 56, "codename": "delete_inicio"}}, {"model": "auth.permission", "pk": 223, "fields": {"name": "Can view inicio", "content_type": 56, "codename": "view_inicio"}}, {"model": "auth.permission", "pk": 224, "fields": {"name": "Can add nosotros", "content_type": 57, "codename": "add_nosotros"}}, {"model": "auth.permission", "pk": 225, "fields": {"name": "Can change nosotros", "content_type": 57, "codename": "change_nosotros"}}, {"model": "auth.permission", "pk": 226, "fields": {"name": "Can delete nosotros", "content_type": 57, "codename": "delete_nosotros"}}, {"model": "auth.permission", "pk": 227, "fields": {"name": "Can view nosotros", "content_type": 57, "codename": "view_nosotros"}}, {"model": "auth.permission", "pk": 228, "fields": {"name": "Can add novedades", "content_type": 58, "codename": "add_novedades"}}, {"model": "auth.permission", "pk": 229, "fields": {"name": "Can change novedades", "content_type": 58, "codename": "change_novedades"}}, {"model": "auth.permission", "pk": 230, "fields": {"name": "Can delete novedades", "content_type": 58, "codename": "delete_novedades"}}, {"model": "auth.permission", "pk": 231, "fields": {"name": "Can view novedades", "content_type": 58, "codename": "view_novedades"}}, {"model": "auth.permission", "pk": 232, "fields": {"name": "Can add portafolio", "content_type": 59, "codename": "add_portafolio"}}, {"model": "auth.permission", "pk": 233, "fields": {"name": "Can change portafolio", "content_type": 59, "codename": "change_portafolio"}}, {"model": "auth.permission", "pk": 234, "fields": {"name": "Can delete portafolio", "content_type": 59, "codename": "delete_portafolio"}}, {"model": "auth.permission", "pk": 235, "fields": {"name": "Can view portafolio", "content_type": 59, "codename": "view_portafolio"}}, {"model": "auth.permission", "pk": 236, "fields": {"name": "Can add fundidora", "content_type": 60, "codename": "add_fundidora"}}, {"model": "auth.permission", "pk": 237, "fields": {"name": "Can change fundidora", "content_type": 60, "codename": "change_fundidora"}}, {"model": "auth.permission", "pk": 238, "fields": {"name": "Can delete fundidora", "content_type": 60, "codename": "delete_fundidora"}}, {"model": "auth.permission", "pk": 239, "fields": {"name": "Can view fundidora", "content_type": 60, "codename": "view_fundidora"}}, {"model": "auth.permission", "pk": 240, "fields": {"name": "Can add ukraine", "content_type": 61, "codename": "add_ukraine"}}, {"model": "auth.permission", "pk": 241, "fields": {"name": "Can change ukraine", "content_type": 61, "codename": "change_ukraine"}}, {"model": "auth.permission", "pk": 242, "fields": {"name": "Can delete ukraine", "content_type": 61, "codename": "delete_ukraine"}}, {"model": "auth.permission", "pk": 243, "fields": {"name": "Can view ukraine", "content_type": 61, "codename": "view_ukraine"}}, {"model": "auth.permission", "pk": 244, "fields": {"name": "Can add programs", "content_type": 62, "codename": "add_programs"}}, {"model": "auth.permission", "pk": 245, "fields": {"name": "Can change programs", "content_type": 62, "codename": "change_programs"}}, {"model": "auth.permission", "pk": 246, "fields": {"name": "Can delete programs", "content_type": 62, "codename": "delete_programs"}}, {"model": "auth.permission", "pk": 247, "fields": {"name": "Can view programs", "content_type": 62, "codename": "view_programs"}}, {"model": "auth.group", "pk": 1, "fields": {"name": "Moderators", "permissions": [4, 5, 6, 8, 7, 1, 2, 9, 3]}}, {"model": "auth.group", "pk": 2, "fields": {"name": "Editors", "permissions": [4, 5, 6, 8, 7, 1, 2, 9, 3]}}, {"model": "auth.user", "pk": 1, "fields": {"password": "pbkdf2_sha256$260000$oSjYIQPFga4YFqkais9u6N$9JiJSsF2YlOAz8YMFSsgfcjqy+X4nmSNzAyVZrm18HU=", "last_login": "2022-12-22T16:09:07.402Z", "is_superuser": true, "username": "admin", "first_name": "", "last_name": "", "email": "admin@open.build", "is_staff": true, "is_active": true, "date_joined": "2022-01-26T20:34:20.381Z", "groups": [], "user_permissions": []}}, {"model": "auth.user", "pk": 2, "fields": {"password": "pbkdf2_sha256$260000$BjFBfyfbJW5rCBAZSoLTMn$Fb1Caz0AgOWt/vbDKGy4LaMeon43kOSzomqtUrl6Zps=", "last_login": null, "is_superuser": true, "username": "marina", "first_name": "Marina", "last_name": "Mishchenko", "email": "marina@open.build", "is_staff": false, "is_active": true, "date_joined": "2022-02-10T19:39:07.549Z", "groups": [1, 2], "user_permissions": []}}, {"model": "contenttypes.contenttype", "pk": 1, "fields": {"app_label": "wagtailcore", "model": "page"}}, {"model": "contenttypes.contenttype", "pk": 2, "fields": {"app_label": "home", "model": "homepage"}}, {"model": "contenttypes.contenttype", "pk": 3, "fields": {"app_label": "wagtailimages", "model": "image"}}, {"model": "contenttypes.contenttype", "pk": 4, "fields": {"app_label": "wagtailadmin", "model": "admin"}}, {"model": "contenttypes.contenttype", "pk": 5, "fields": {"app_label": "wagtailcore", "model": "groupapprovaltask"}}, {"model": "contenttypes.contenttype", "pk": 6, "fields": {"app_label": "wagtaildocs", "model": "document"}}, {"model": "contenttypes.contenttype", "pk": 7, "fields": {"app_label": "wagtailforms", "model": "formsubmission"}}, {"model": "contenttypes.contenttype", "pk": 8, "fields": {"app_label": "wagtailredirects", "model": "redirect"}}, {"model": "contenttypes.contenttype", "pk": 9, "fields": {"app_label": "wagtailembeds", "model": "embed"}}, {"model": "contenttypes.contenttype", "pk": 10, "fields": {"app_label": "wagtailusers", "model": "userprofile"}}, {"model": "contenttypes.contenttype", "pk": 11, "fields": {"app_label": "wagtaildocs", "model": "uploadeddocument"}}, {"model": "contenttypes.contenttype", "pk": 12, "fields": {"app_label": "wagtailimages", "model": "rendition"}}, {"model": "contenttypes.contenttype", "pk": 13, "fields": {"app_label": "wagtailimages", "model": "uploadedimage"}}, {"model": "contenttypes.contenttype", "pk": 14, "fields": {"app_label": "wagtailsearch", "model": "query"}}, {"model": "contenttypes.contenttype", "pk": 15, "fields": {"app_label": "wagtailsearch", "model": "querydailyhits"}}, {"model": "contenttypes.contenttype", "pk": 16, "fields": {"app_label": "wagtailsearch", "model": "indexentry"}}, {"model": "contenttypes.contenttype", "pk": 17, "fields": {"app_label": "wagtailcore", "model": "grouppagepermission"}}, {"model": "contenttypes.contenttype", "pk": 18, "fields": {"app_label": "wagtailcore", "model": "pagerevision"}}, {"model": "contenttypes.contenttype", "pk": 19, "fields": {"app_label": "wagtailcore", "model": "pageviewrestriction"}}, {"model": "contenttypes.contenttype", "pk": 20, "fields": {"app_label": "wagtailcore", "model": "site"}}, {"model": "contenttypes.contenttype", "pk": 21, "fields": {"app_label": "wagtailcore", "model": "collection"}}, {"model": "contenttypes.contenttype", "pk": 22, "fields": {"app_label": "wagtailcore", "model": "groupcollectionpermission"}}, {"model": "contenttypes.contenttype", "pk": 23, "fields": {"app_label": "wagtailcore", "model": "collectionviewrestriction"}}, {"model": "contenttypes.contenttype", "pk": 24, "fields": {"app_label": "wagtailcore", "model": "task"}}, {"model": "contenttypes.contenttype", "pk": 25, "fields": {"app_label": "wagtailcore", "model": "taskstate"}}, {"model": "contenttypes.contenttype", "pk": 26, "fields": {"app_label": "wagtailcore", "model": "workflow"}}, {"model": "contenttypes.contenttype", "pk": 27, "fields": {"app_label": "wagtailcore", "model": "workflowstate"}}, {"model": "contenttypes.contenttype", "pk": 28, "fields": {"app_label": "wagtailcore", "model": "workflowpage"}}, {"model": "contenttypes.contenttype", "pk": 29, "fields": {"app_label": "wagtailcore", "model": "workflowtask"}}, {"model": "contenttypes.contenttype", "pk": 30, "fields": {"app_label": "wagtailcore", "model": "pagelogentry"}}, {"model": "contenttypes.contenttype", "pk": 31, "fields": {"app_label": "wagtailcore", "model": "locale"}}, {"model": "contenttypes.contenttype", "pk": 32, "fields": {"app_label": "wagtailcore", "model": "comment"}}, {"model": "contenttypes.contenttype", "pk": 33, "fields": {"app_label": "wagtailcore", "model": "commentreply"}}, {"model": "contenttypes.contenttype", "pk": 34, "fields": {"app_label": "wagtailcore", "model": "pagesubscription"}}, {"model": "contenttypes.contenttype", "pk": 35, "fields": {"app_label": "wagtailcore", "model": "modellogentry"}}, {"model": "contenttypes.contenttype", "pk": 36, "fields": {"app_label": "taggit", "model": "tag"}}, {"model": "contenttypes.contenttype", "pk": 37, "fields": {"app_label": "taggit", "model": "taggeditem"}}, {"model": "contenttypes.contenttype", "pk": 38, "fields": {"app_label": "admin", "model": "logentry"}}, {"model": "contenttypes.contenttype", "pk": 39, "fields": {"app_label": "auth", "model": "permission"}}, {"model": "contenttypes.contenttype", "pk": 40, "fields": {"app_label": "auth", "model": "group"}}, {"model": "contenttypes.contenttype", "pk": 41, "fields": {"app_label": "auth", "model": "user"}}, {"model": "contenttypes.contenttype", "pk": 42, "fields": {"app_label": "contenttypes", "model": "contenttype"}}, {"model": "contenttypes.contenttype", "pk": 43, "fields": {"app_label": "sessions", "model": "session"}}, {"model": "contenttypes.contenttype", "pk": 44, "fields": {"app_label": "puput", "model": "blogpage"}}, {"model": "contenttypes.contenttype", "pk": 45, "fields": {"app_label": "puput", "model": "category"}}, {"model": "contenttypes.contenttype", "pk": 46, "fields": {"app_label": "puput", "model": "categoryentrypage"}}, {"model": "contenttypes.contenttype", "pk": 47, "fields": {"app_label": "puput", "model": "entrypage"}}, {"model": "contenttypes.contenttype", "pk": 48, "fields": {"app_label": "puput", "model": "entrypagerelated"}}, {"model": "contenttypes.contenttype", "pk": 49, "fields": {"app_label": "puput", "model": "tagentrypage"}}, {"model": "contenttypes.contenttype", "pk": 50, "fields": {"app_label": "puput", "model": "tag"}}, {"model": "contenttypes.contenttype", "pk": 51, "fields": {"app_label": "home", "model": "aboutpage"}}, {"model": "contenttypes.contenttype", "pk": 52, "fields": {"app_label": "home", "model": "foundry"}}, {"model": "contenttypes.contenttype", "pk": 53, "fields": {"app_label": "home", "model": "news"}}, {"model": "contenttypes.contenttype", "pk": 54, "fields": {"app_label": "home", "model": "contact"}}, {"model": "contenttypes.contenttype", "pk": 55, "fields": {"app_label": "home", "model": "portfolio"}}, {"model": "contenttypes.contenttype", "pk": 56, "fields": {"app_label": "home", "model": "inicio"}}, {"model": "contenttypes.contenttype", "pk": 57, "fields": {"app_label": "home", "model": "nosotros"}}, {"model": "contenttypes.contenttype", "pk": 58, "fields": {"app_label": "home", "model": "novedades"}}, {"model": "contenttypes.contenttype", "pk": 59, "fields": {"app_label": "home", "model": "portafolio"}}, {"model": "contenttypes.contenttype", "pk": 60, "fields": {"app_label": "home", "model": "fundidora"}}, {"model": "contenttypes.contenttype", "pk": 61, "fields": {"app_label": "home", "model": "ukraine"}}, {"model": "contenttypes.contenttype", "pk": 62, "fields": {"app_label": "home", "model": "programs"}}, {"model": "sessions.session", "pk": "1u7yindcnqmn15yvngjnps3fh02s1pqa", "fields": {"session_data": ".eJxVjEEOwiAQRe_C2pAyODB16d4zEIahUjU0Ke3KeHfbpAvdvvf-f6sQ16WEteU5jKIuyqjTL-OYnrnuQh6x3iedprrMI-s90Ydt-jZJfl2P9u-gxFa2tUexhgDQIvVyBu7YOxHAjB4cEm3IJQuMQoPLRmwXByPUk7fMIurzBbPNN1A:1oLUX7:554It6COdnexKhOPnu0o1dhWDZYDYN9voobmPD14wi4", "expire_date": "2022-08-23T19:04:53.086Z"}}, {"model": "sessions.session", "pk": "4l3x23o1kf96ngvtsg894q5b257yqzs7", "fields": {"session_data": ".eJxVjEEOwiAQRe_C2pAyODB16d4zEIahUjU0Ke3KeHfbpAvdvvf-f6sQ16WEteU5jKIuyqjTL-OYnrnuQh6x3iedprrMI-s90Ydt-jZJfl2P9u-gxFa2tUexhgDQIvVyBu7YOxHAjB4cEm3IJQuMQoPLRmwXByPUk7fMIurzBbPNN1A:1naKUF:7k6mkjME-v0JL4LCTh_5ZFvsG2z1bMKc6bX2bMB08oE", "expire_date": "2022-04-15T16:50:59.066Z"}}, {"model": "sessions.session", "pk": "8ra9a306d5wlmrfzhodx8qlv0k8bu7re", "fields": {"session_data": ".eJxVjEEOwiAQRe_C2pAyODB16d4zEIahUjU0Ke3KeHfbpAvdvvf-f6sQ16WEteU5jKIuyqjTL-OYnrnuQh6x3iedprrMI-s90Ydt-jZJfl2P9u-gxFa2tUexhgDQIvVyBu7YOxHAjB4cEm3IJQuMQoPLRmwXByPUk7fMIurzBbPNN1A:1nDDJ6:9QOsiGZf9JJHW1Xe-Q-XZkrXyf7Rzo7jFyTOQ2dG6Js", "expire_date": "2022-02-10T22:31:56.154Z"}}, {"model": "sessions.session", "pk": "gm3gbc5lo6g3cnqmu8ousx8mdz2ydo9e", "fields": {"session_data": ".eJxVjEEOwiAQRe_C2pAyODB16d4zEIahUjU0Ke3KeHfbpAvdvvf-f6sQ16WEteU5jKIuyqjTL-OYnrnuQh6x3iedprrMI-s90Ydt-jZJfl2P9u-gxFa2tUexhgDQIvVyBu7YOxHAjB4cEm3IJQuMQoPLRmwXByPUk7fMIurzBbPNN1A:1nHAVm:fBEf9MV9upRcmd1Hwwv3jCgSEcow_dI_TyPTpvuof5w", "expire_date": "2022-02-21T20:21:22.763Z"}}, {"model": "sessions.session", "pk": "hmdun95or6jqw6thj7fzj9ufym85xfpn", "fields": {"session_data": ".eJxVjMsOwiAQRf-FtSE8HKAu3fsNZGAGqRqalHZl_HfbpAvdnnPufYuI61Lj2nmOI4mL0OL0yxLmJ7dd0APbfZJ5ass8Jrkn8rBd3ibi1_Vo_w4q9rqtDQ4O0ZImywYMK2-LgmCsC6QybNCR1tmF7AtDgeJdOmMBGIIqirT4fAHXLDeh:1nCpsl:xgKTMv4fkW-2z8uXFIKRmGTwhSN2YFGZ-1aXVAw0-Xs", "expire_date": "2022-02-09T21:31:11.101Z"}}, {"model": "sessions.session", "pk": "jsze9v9ytxpib99z1bvqu0xhud3qeklx", "fields": {"session_data": ".eJxVjEEOwiAQRe_C2pAyODB16d4zEIahUjU0Ke3KeHfbpAvdvvf-f6sQ16WEteU5jKIuyqjTL-OYnrnuQh6x3iedprrMI-s90Ydt-jZJfl2P9u-gxFa2tUexhgDQIvVyBu7YOxHAjB4cEm3IJQuMQoPLRmwXByPUk7fMIurzBbPNN1A:1p8O83:M_Xj5-9ey63-jhfKg1YCQdFxtqSMz5Ku2pNttkD6hHs", "expire_date": "2023-01-05T16:09:07.436Z"}}, {"model": "sessions.session", "pk": "m804a3og1hklbzqv42kj502xm55tbxqd", "fields": {"session_data": ".eJxVjEEOwiAQRe_C2pAyODB16d4zEIahUjU0Ke3KeHfbpAvdvvf-f6sQ16WEteU5jKIuyqjTL-OYnrnuQh6x3iedprrMI-s90Ydt-jZJfl2P9u-gxFa2tUexhgDQIvVyBu7YOxHAjB4cEm3IJQuMQoPLRmwXByPUk7fMIurzBbPNN1A:1o1cy3:gFVZtAzE9l3AQwidI5YnL-PTb2t7zMnX808j_W8PLQo", "expire_date": "2022-06-30T00:02:35.650Z"}}, {"model": "sessions.session", "pk": "n8uwb548d1do8qyhrei0clhrrmcg078c", "fields": {"session_data": ".eJxVjEEOwiAQRe_C2pAyODB16d4zEIahUjU0Ke3KeHfbpAvdvvf-f6sQ16WEteU5jKIuyqjTL-OYnrnuQh6x3iedprrMI-s90Ydt-jZJfl2P9u-gxFa2tUexhgDQIvVyBu7YOxHAjB4cEm3IJQuMQoPLRmwXByPUk7fMIurzBbPNN1A:1ngW7L:xb8fLA2Cfq4GpDMIlDKRyztemZdzxsIXWeufITBGYzU", "expire_date": "2022-05-02T18:28:55.225Z"}}, {"model": "sessions.session", "pk": "qgrovn8acbz0pp8m9ptoura6u33946f8", "fields": {"session_data": ".eJxVjEEOwiAQRe_C2pAyODB16d4zEIahUjU0Ke3KeHfbpAvdvvf-f6sQ16WEteU5jKIuyqjTL-OYnrnuQh6x3iedprrMI-s90Ydt-jZJfl2P9u-gxFa2tUexhgDQIvVyBu7YOxHAjB4cEm3IJQuMQoPLRmwXByPUk7fMIurzBbPNN1A:1nyLGc:sACckrCtXtHOud-GITxwgL3QBfksjcnmlqVutsfkCw0", "expire_date": "2022-06-20T22:32:10.307Z"}}, {"model": "sessions.session", "pk": "sjbngw88roskksqr6w2qb9cclgudcavb", "fields": {"session_data": ".eJxVjEEOwiAQRe_C2pAyODB16d4zEIahUjU0Ke3KeHfbpAvdvvf-f6sQ16WEteU5jKIuyqjTL-OYnrnuQh6x3iedprrMI-s90Ydt-jZJfl2P9u-gxFa2tUexhgDQIvVyBu7YOxHAjB4cEm3IJQuMQoPLRmwXByPUk7fMIurzBbPNN1A:1nDpq0:zWrBqxXoXFbutIaKr6T7Czu2r4BeGc__Mr5a7SlhqLM", "expire_date": "2022-02-12T15:40:28.032Z"}}, {"model": "sessions.session", "pk": "vqbltg2meu60ak862pqlpq9hfzeec55o", "fields": {"session_data": ".eJxVjEEOwiAQRe_C2pAyODB16d4zEIahUjU0Ke3KeHfbpAvdvvf-f6sQ16WEteU5jKIuyqjTL-OYnrnuQh6x3iedprrMI-s90Ydt-jZJfl2P9u-gxFa2tUexhgDQIvVyBu7YOxHAjB4cEm3IJQuMQoPLRmwXByPUk7fMIurzBbPNN1A:1nyc2D:wq3tnBB-PgmCjXdlHPAJc0LdHeLmTwUVmJAQxpjxDvA", "expire_date": "2022-06-21T16:26:25.868Z"}}, {"model": "sessions.session", "pk": "xso6rbn7397nel0jbeez5slspea2y407", "fields": {"session_data": ".eJxVjEEOwiAQRe_C2pAyODB16d4zEIahUjU0Ke3KeHfbpAvdvvf-f6sQ16WEteU5jKIuyqjTL-OYnrnuQh6x3iedprrMI-s90Ydt-jZJfl2P9u-gxFa2tUexhgDQIvVyBu7YOxHAjB4cEm3IJQuMQoPLRmwXByPUk7fMIurzBbPNN1A:1nDbrL:F8LDGFDABzzkFAtPUk5MYMLuUxHOhNvu6IDpXE692x8", "expire_date": "2022-02-12T00:44:55.922Z"}}, {"model": "sessions.session", "pk": "ymnzvptv2z1o2ltblx1ncnmksmcp2hu5", "fields": {"session_data": ".eJxVjEEOwiAQRe_C2pAyODB16d4zEIahUjU0Ke3KeHfbpAvdvvf-f6sQ16WEteU5jKIuyqjTL-OYnrnuQh6x3iedprrMI-s90Ydt-jZJfl2P9u-gxFa2tUexhgDQIvVyBu7YOxHAjB4cEm3IJQuMQoPLRmwXByPUk7fMIurzBbPNN1A:1oXoys:Y_V9wQb7n2SFpK_sGqSFUpGzFrozuGwbD1IrKF4yUYA", "expire_date": "2022-09-26T19:20:30.736Z"}}, {"model": "puput.blogpage", "pk": 4, "fields": {"description": "", "header_image": null, "main_color": "#4d6ae0", "display_comments": false, "display_categories": true, "display_tags": true, "display_popular_entries": true, "display_last_entries": true, "display_archive": true, "disqus_api_secret": "", "disqus_shortname": "", "num_entries_page": 5, "num_last_entries": 3, "num_popular_entries": 3, "num_tags_entry_header": 5, "short_feed_description": true}}, {"model": "puput.tagentrypage", "pk": 21, "fields": {"tag": 4, "content_object": 5}}, {"model": "puput.tagentrypage", "pk": 22, "fields": {"tag": 5, "content_object": 5}}, {"model": "puput.tagentrypage", "pk": 23, "fields": {"tag": 6, "content_object": 5}}, {"model": "puput.tagentrypage", "pk": 24, "fields": {"tag": 7, "content_object": 5}}, {"model": "puput.entrypage", "pk": 5, "fields": {"body": "<p data-block-key=\"3ldb3\">Open Build is continuing to support communities and STEAM education in developing countries, but through our partners we are beginning a new phase of training and hiring open source software developers.<br/><br/> With this new direction we believe we can help more small business and local organizations in the communities we work in, while also educating and growing the open source community.<br/><br/>Watch for more updates to come.</p>", "date": "2022-01-29T00:45:00Z", "header_image": null, "excerpt": "", "num_comments": 0}}]
